Instructions:,,INJ,MID,EXT,SEXT (460A),Sum (G),Z,Sum (T),,,,,Originals:,Inj(185A),Mid(-146),Ext(152),Sextupoles(460),Sum(185+152+-146),,,Becr (18 GHz),Becr (28 GHz),,,
Enter desired currents.,,18.43110684,-0.948242681,0.724032375,0.000565649,18.20746218,-100,0.001820746,,,,,(Do Not Alter!),28.65340139,-1.730542893,1.209372758,0.000565649,28.1327969,,,0.64,1,,,
Injection (A):,119,20.23859003,-1.038494438,0.786478232,0.000605266,19.98717909,-99,0.001998718,,,,,,31.46335425,-1.89525235,1.313677926,0.000605266,30.88238509,,,0.64,1,,,
Center,-80,22.04607323,-1.128746196,0.848924089,0.000644883,21.766896,-98,0.00217669,,,,,,34.27330712,-2.059961808,1.417983094,0.000644883,33.63197329,,,0.64,1,,,
Extraction,91,23.85355642,-1.218997953,0.911369947,0.000684499,23.54661291,-97,0.002354661,,,,,,37.08325998,-2.224671265,1.522288263,0.000684499,36.38156148,,,0.64,1,,,
,,25.66103962,-1.309249711,0.973815804,0.000724116,25.32632983,-96,0.002532633,Max Field @ Injection:,2.204,Tesla,,,39.89321285,-2.389380723,1.626593431,0.000724116,39.13114967,,,0.64,1,,,
,,27.46852281,-1.399501469,1.036261661,0.000763732,27.10604674,-95,0.002710605,Max Field @ Extraction:,1.307,Tesla,,,42.70316572,-2.554090181,1.730898599,0.000763732,41.88073787,,,0.64,1,,,
,,29.27600601,-1.489753226,1.098707519,0.000803349,28.88576365,-94,0.002888576,Min Field @ Center:,0.375,Tesla,,,45.51311858,-2.718799638,1.835203768,0.000803349,44.63032606,,,0.64,1,,,
,,31.0834892,-1.580004984,1.161153376,0.000842965,30.66548056,-93,0.003066548,,,,,,48.32307145,-2.883509096,1.939508936,0.000842965,47.37991426,,,0.64,1,,,
,,32.8909724,-1.670256741,1.223599234,0.000882582,32.44519747,-92,0.00324452,,,,,,51.13302432,-3.048218553,2.043814105,0.000882582,50.12950245,,,0.64,1,,,
,,35.3701048,-1.794782503,1.309091003,0.000903663,34.88531697,-91,0.003488532,,,,,,54.98713772,-3.275478068,2.186613543,0.000903663,53.89917686,,,0.64,1,,,
,,40.27172717,-2.042927008,1.477704271,0.000857892,39.70736233,-90,0.003970736,,B/Becr 18,B/Becr 28,,,62.60730695,-3.728341789,2.468253287,0.000857892,61.34807634,,,0.64,1,,,
,,45.17334955,-2.291071512,1.646317538,0.000812121,44.5294077,-89,0.004452941,,3.428,2.204,,,70.22747619,-4.18120551,2.749893031,0.000812121,68.79697583,,,0.64,1,,,
,,50.07497192,-2.539216017,1.814930806,0.00076635,49.35145306,-88,0.004935145,,2.032,1.307,,,77.84764542,-4.634069231,3.031532775,0.00076635,76.24587532,,,0.64,1,,,
,,54.97659429,-2.787360521,1.983544074,0.00072058,54.17349843,-87,0.00541735,,0.583,0.375,,,85.46781466,-5.086932951,3.313172519,0.00072058,83.6947748,,,0.64,1,,,
,,59.87821666,-3.035505026,2.152157341,0.000674809,58.99554379,-86,0.005899554,,,,,,93.08798389,-5.539796672,3.594812262,0.000674809,91.14367429,,,0.64,1,,,
,,64.77983902,-3.28364953,2.320770609,0.000629038,63.81758914,-85,0.006381759,,,,,,100.7081531,-5.992660393,3.876452006,0.000629038,98.59257377,,,0.64,1,,,
,,69.68146144,-3.531794035,2.489383877,0.000583267,68.63963454,-84,0.006863963,,,,,,108.3283224,-6.445524114,4.15809175,0.000583267,106.0414733,,,0.64,1,,,
,,74.58308379,-3.779938539,2.657997144,0.000537496,73.46167989,-83,0.007346168,,,,,,115.9484916,-6.898387834,4.439731494,0.000537496,113.4903727,,,0.64,1,,,
,,79.48470614,-4.028083044,2.826610412,0.000491725,78.28372523,-82,0.007828373,,,,,,123.5686608,-7.351251555,4.721371238,0.000491725,120.9392722,,,0.64,1,,,
,,86.29138784,-4.374913391,3.061711592,0.000462274,84.97864832,-81,0.008497865,,,,,,134.1504769,-7.984216939,5.114067714,0.000462274,131.2807899,,,0.64,1,,,
,,97.00618149,-4.924191678,3.433208635,0.000466303,95.51566474,-80,0.009551566,,,,,,150.8079292,-8.986649813,5.734590248,0.000466303,147.556336,,,0.64,1,,,
,,107.7209752,-5.473469966,3.804705679,0.000470331,106.0526812,-79,0.010605268,,,,,,167.4653816,-9.989082688,6.355112782,0.000470331,163.831882,,,0.64,1,,,
,,118.4357689,-6.022748252,4.176202723,0.00047436,116.5896977,-78,0.01165897,,,,,,184.122834,-10.99151556,6.975635317,0.00047436,180.1074281,,,0.64,1,,,
,,129.1505626,-6.572026542,4.547699766,0.000478389,127.1267142,-77,0.012712671,,,,,,200.7802864,-11.99394844,7.596157851,0.000478389,196.3829742,,,0.64,1,,,
,,144.4084866,-7.359556553,5.079467524,0.000241606,142.1286392,-76,0.014212864,,,,,,224.5005884,-13.43119071,8.484385314,0.000241606,219.5540246,,,0.64,1,,,
,,166.9841332,-8.530844,5.869386944,-0.000383058,164.3222931,-75,0.016432229,,,,,,259.5971819,-15.5687903,9.803811159,-0.000383058,253.8318197,,,0.64,1,,,
,,189.5597799,-9.702131452,6.659306362,-0.001007722,186.5159471,-74,0.018651595,,,,,,294.6937755,-17.7063899,11.123237,-0.001007722,288.1096149,,,0.64,1,,,
,,212.1354265,-10.8734189,7.449225785,-0.001632386,208.709601,-73,0.02087096,,,,,,329.790369,-19.84398949,12.44266285,-0.001632386,322.38741,,,0.64,1,,,
,,234.7110732,-12.04470635,8.239145203,-0.00225705,230.903255,-72,0.023090326,,,,,,364.8869626,-21.98158909,13.76208869,-0.00225705,356.6652051,,,0.64,1,,,
,,272.6307801,-14.0180677,9.569465695,-0.003392988,268.1787851,-71,0.026817879,,,,,,423.8377674,-25.58297356,15.98416248,-0.003392988,414.2355633,,,0.64,1,,,
,,330.209986,-17.01908218,11.5921723,-0.005183994,324.7778921,-70,0.032477789,,,,,,513.3516589,-31.05982497,19.36274934,-0.005183994,501.6493993,,,0.64,1,,,
,,387.7891919,-20.02009664,13.61487891,-0.006975,381.3769991,-69,0.0381377,,,,,,602.8655504,-36.53667637,22.7413362,-0.006975,589.0632352,,,0.64,1,,,
,,464.7247649,-24.04901339,16.32891583,-0.009270431,456.9953969,-68,0.04569954,,,,,,722.4712732,-43.88944944,27.27467259,-0.009270431,705.8472259,,,0.64,1,,,
,,542.3412475,-28.11408923,19.06727205,-0.011583606,533.2828467,-67,0.053328285,,,,,,843.1355528,-51.30821285,31.84863024,-0.011583606,823.6643866,,,0.64,1,,,
,,634.994948,-32.97405739,22.33996836,-0.014606327,624.3462526,-66,0.062434625,,,,,,987.17702,-60.17765474,37.31511199,-0.014606327,964.2998709,,,0.64,1,,,
,,743.0709616,-38.64927466,26.16068894,-0.018356764,730.5640191,-65,0.073056402,,,,,,1155.194352,-70.53492625,43.69697494,-0.018356764,1128.338044,,,0.64,1,,,
,,852.6455949,-44.40372551,30.03451031,-0.022325682,838.254054,-64,0.083825405,,,,,,1325.541471,-81.03679906,50.1675337,-0.022325682,1294.64988,,,0.64,1,,,
,,1030.949785,-53.79198121,36.34363562,-0.036314542,1013.465125,-63,0.101346513,,,,,,1602.737061,-98.17036571,60.70585291,-0.036314542,1565.236234,,,0.64,1,,,
,,1185.303194,-62.15852986,41.94470415,-0.049501224,1165.039867,-62,0.116503987,,,,,,1842.698243,-113.439317,70.06148385,-0.049501224,1799.270908,,,0.64,1,,,
,,1410.167635,-73.911528,49.85420185,-0.054748809,1386.05556,-61,0.138605556,,,,,,2192.277416,-134.8885386,83.27295254,-0.054748809,2140.607081,,,0.64,1,,,
,,1685.302421,-88.21744729,59.54273254,0.003381566,1656.631088,-60,0.165663109,,,,,,2620.007965,-160.9968413,99.45599281,0.003381566,2558.470498,,,0.64,1,,,
,,1974.090253,-103.4055511,69.75734879,0.014623464,1940.456674,-59,0.194045667,,,,,,3068.963839,-188.7151308,116.5177694,0.014623464,2996.781101,,,0.64,1,,,
,,2305.871441,-120.9634995,81.4941209,-0.033823822,2266.368239,-58,0.226636824,,,,,,3584.758123,-220.7583866,136.1220481,-0.033823822,3500.087961,,,0.64,1,,,
,,2677.33334,-140.4723139,94.60194859,0.000586087,2631.46356,-57,0.263146356,,,,,,4162.240906,-256.3619729,158.0164416,0.000586087,4063.895961,,,0.64,1,,,
,,3093.36721,-162.3072341,109.2566828,0.050855511,3040.367514,-56,0.304036751,,,,,,4809.016251,-296.2107023,182.494679,0.050855511,4695.351084,,,0.64,1,,,
,,3552.594992,-186.3920482,125.2229468,-0.055692584,3491.370198,-55,0.34913702,,,,,,5522.941794,-340.1654879,209.1636035,-0.055692584,5391.884217,,,0.64,1,,,
,,4055.128092,-212.6244819,142.6993463,-0.034981387,3985.167975,-54,0.398516798,,,,,,6304.190732,-388.0396795,238.3549521,-0.034981387,6154.471024,,,0.64,1,,,
,,4582.180463,-239.6601798,160.6947477,0.064533915,4503.279564,-53,0.450327956,,,,,,7123.557862,-437.3798282,268.4132049,0.064533915,6954.655772,,,0.64,1,,,
,,5146.150746,-268.5722895,179.6579016,-0.040764925,5057.195593,-52,0.505719559,,,,,,8000.318387,-490.1444284,300.0879236,-0.040764925,7810.221117,,,0.64,1,,,
,,5733.613203,-298.1536376,199.0493376,-0.025920837,5634.482982,-51,0.563448298,,,,,,8913.600358,-544.1303887,332.4780145,-0.025920837,8701.922063,,,0.64,1,,,
,,6341.674448,-328.237209,218.6592535,0.029776775,6232.12627,-50,0.623212627,,,,,,9858.905655,-599.0329065,365.2330388,0.029776775,9625.135564,,,0.64,1,,,
,,6964.58145,-358.4119068,238.0834843,0.030694865,6844.283723,-49,0.684428372,,,,,,10827.29049,-654.10173,397.6779078,0.030694865,10570.89737,,,0.64,1,,,
,,7598.025815,-388.2707922,257.0484927,0.015446099,7466.818962,-48,0.746681896,,,,,,11812.05694,-708.5941958,429.3557241,0.015446099,11532.83392,,,0.64,1,,,
,,8240.290107,-417.5951416,275.4284558,0.042579962,8098.166001,-47,0.8098166,,,,,,12810.53504,-762.1111334,460.0563218,0.042579962,12508.5228,,,0.64,1,,,
,,8896.921159,-446.8245215,293.4387458,0.05197798,8743.587361,-46,0.874358736,,,,,,13831.34802,-815.4547517,490.1394435,0.05197798,13506.08469,,,0.64,1,,,
,,9566.038604,-475.7927113,310.9099996,0.029242428,9401.185135,-45,0.940118513,,,,,,14871.57262,-868.3216981,519.3221972,0.029242428,14522.60236,,,0.64,1,,,
,,10250.77955,-504.7342987,328.0339133,0.04452007,10074.12368,-44,1.007412368,,,,,,15936.08585,-921.1400951,547.9247783,0.04452007,15562.91506,,,0.64,1,,,
,,10952.66505,-533.7996534,344.8239973,0.057995011,10763.74739,-43,1.076374739,,,,,,17027.25239,-974.1843675,575.9697537,0.057995011,16629.09577,,,0.64,1,,,
,,11674.13953,-563.3843879,361.489336,0.048973603,11472.29345,-42,1.147229345,,,,,,18148.87238,-1028.176508,603.8063634,0.048973603,17724.55121,,,0.64,1,,,
,,12417.15452,-593.9120789,378.2966683,0.040386655,12201.5795,-41,1.22015795,,,,,,19303.97972,-1083.889544,631.8801493,0.040386655,18852.01071,,,0.64,1,,,
,,13180.48929,-625.5111255,395.2674698,0.036057559,12950.28169,-40,1.295028169,,,,,,20490.67663,-1141.557804,660.2269825,0.036057559,20009.38187,,,0.64,1,,,
,,13963.27411,-658.5695885,412.6185503,0.049813245,13717.37288,-39,1.371737288,,,,,,21707.61101,-1201.889499,689.2090071,0.049813245,21194.98034,,,0.64,1,,,
,,14762.32133,-693.4267529,430.4845698,0.054963069,14499.43411,-38,1.449943411,,,,,,22949.82727,-1265.503824,719.0511496,0.054963069,22403.42956,,,0.64,1,,,
,,15572.67514,-730.4554263,449.0515709,0.054389412,15291.32568,-37,1.529132568,,,,,,24209.62102,-1333.081153,750.0641623,0.054389412,23626.65842,,,0.64,1,,,
,,16387.6721,-769.9816225,468.4678397,0.057542004,16086.21585,-36,1.608621585,,,,,,25476.63309,-1405.216461,782.4957322,0.057542004,24853.9699,,,0.64,1,,,
,,17199.11727,-812.3007282,488.8316369,0.057990336,16875.70616,-35,1.687570616,,,,,,26738.12348,-1482.448829,816.5099869,0.057990336,26072.24263,,,0.64,1,,,
,,17997.26534,-857.7614093,510.2916132,0.060748041,17649.8563,-34,1.76498563,,,,,,27978.94192,-1565.414572,852.355222,0.060748041,27265.94332,,,0.64,1,,,
,,18771.62477,-906.6176614,532.8923271,0.062532832,18397.96197,-33,1.839796197,,,,,,29182.778,-1654.577232,890.1058651,0.062532832,28418.36917,,,0.64,1,,,
,,19510.66221,-959.1844033,556.7249463,0.05985044,19108.26261,-32,1.910826261,,,,,,30331.70176,-1750.511536,929.9141961,0.05985044,29511.16427,,,0.64,1,,,
,,20202.17808,-1015.834096,581.9418686,0.062910335,19768.34877,-31,1.976834877,,,,,,31406.74744,-1853.897226,972.0347695,0.062910335,30524.94789,,,0.64,1,,,
,,20834.41473,-1076.826977,608.5697447,0.060225105,20366.21773,-30,2.036621773,,,,,,32389.63635,-1965.209233,1016.512101,0.060225105,31440.99945,,,0.64,1,,,
,,21395.3538,-1142.517226,636.7583399,0.050546367,20889.64546,-29,2.088964546,,,,,,33261.68448,-2085.093938,1063.596348,0.050546367,32240.23743,,,0.64,1,,,
,,21874.69965,-1213.071352,666.4133367,0.033638299,21328.07527,-28,2.132807527,,,,,,34006.88601,-2213.855217,1113.129969,0.033638299,32906.1944,,,0.64,1,,,
,,22262.69778,-1288.662232,697.4839798,0.01634685,21671.53587,-27,2.167153587,,,,,,34610.07638,-2351.808573,1165.028186,0.01634685,33423.31234,,,0.64,1,,,
,,22549.20882,-1369.580373,730.1370697,-7.07128E-05,21909.76545,-26,2.190976545,,,,,,35055.49271,-2499.484181,1219.569611,-7.07128E-05,33775.57807,,,0.64,1,,,
,,22726.75352,-1455.96408,764.2615686,-0.029892957,22035.02112,-25,2.203502112,,,,,,35331.50758,-2657.134446,1276.568774,-0.029892957,33950.91201,,,0.64,1,,,
,,22788.51396,-1547.842547,799.8320887,0.013402674,22040.5169,-24,2.20405169,,,,,,35427.5217,-2824.812649,1335.983269,0.013402674,33938.70572,,,0.64,1,,,
,,22730.82724,-1645.631258,836.6305382,-0.101457472,21921.72506,-23,2.192172506,,,,,,35337.84067,-3003.277046,1397.448811,-0.101457472,33731.91097,,,0.64,1,,,
,,22548.22269,-1749.207872,874.7198693,-0.256185857,21673.4785,-22,2.16734785,,,,,,35053.95965,-3192.304367,1461.070551,-0.256185857,33322.46964,,,0.64,1,,,
,,22239.71634,-1858.845039,914.104922,-0.484414919,21294.49181,-21,2.129449181,,,,,,34574.34893,-3392.392196,1526.856573,-0.484414919,32708.32889,,,0.64,1,,,
,,21811.96517,-1975.105047,955.2373075,-0.232862082,20791.86456,-20,2.079186456,,,,,,33909.35761,-3604.566711,1595.561217,-0.232862082,31900.11926,,,0.64,1,,,
,,21268.20632,-2098.523269,998.1303922,0.123304786,20167.93675,-19,2.016793675,,,,,,33064.01823,-3829.804966,1667.206809,0.123304786,30901.54338,,,0.64,1,,,
,,20621.77962,-2231.005233,1042.730144,-0.393651818,19433.11087,-18,1.943311087,,,,,,32059.06915,-4071.58455,1741.703098,-0.393651818,29728.79405,,,0.64,1,,,
,,19883.97415,-2372.591813,1089.89118,-1.010172529,18600.26335,-17,1.860026335,,,,,,30912.06066,-4329.980059,1820.477575,-1.010172529,28401.548,,,0.64,1,,,
,,19077.05664,-2523.887352,1141.5824,0.193634777,17694.94532,-16,1.769494532,,,,,,29657.60906,-4606.094417,1906.818954,0.193634777,26958.52724,,,0.64,1,,,
,,18219.46331,-2688.2467,1196.220718,-0.74607829,16726.69125,-15,1.672669125,,,,,,28324.37574,-4906.050228,1998.082957,-0.74607829,25415.66239,,,0.64,1,,,
,,17330.0498,-2864.099934,1256.610682,-0.233770245,15722.32678,-14,1.572232678,,,,,,26941.67406,-5226.982379,2098.954106,-0.233770245,23813.41201,,,0.64,1,,,
,,16425.00142,-3052.843975,1322.002593,-0.633184838,14693.52686,-13,1.469352686,,,,,,25534.66608,-5571.440254,2208.180155,-0.633184838,22170.77279,,,0.64,1,,,
,,15520.48129,-3252.544689,1394.550813,0.687440025,13663.17485,-12,1.366317485,,,,,,24128.47931,-5935.894057,2329.3596,0.687440025,20522.63229,,,0.64,1,,,
,,14626.65381,-3463.856664,1472.916348,0.567326837,12636.28082,-11,1.263628082,,,,,,22738.91559,-6321.538411,2460.255878,0.567326837,18878.20038,,,0.64,1,,,
,,13750.89805,-3685.003729,1556.887157,-1.990759425,11620.79072,-10,1.162079072,,,,,,21377.44655,-6725.131805,2600.514812,-1.990759425,17250.8388,,,0.64,1,,,
,,12903.75818,-3910.458905,1650.274912,-1.421840837,10642.15234,-9,1.064215234,,,,,,20060.46439,-7136.587501,2756.503149,-1.421840837,15678.9582,,,0.64,1,,,
,,12089.30378,-4138.732727,1752.151724,-0.307569779,9702.415205,-8,0.970241521,,,,,,18794.29579,-7553.187227,2926.671011,-0.307569779,14167.472,,,0.64,1,,,
,,11310.46001,-4365.142634,1862.56032,0.920132035,8808.797827,-7,0.880879783,,,,,,17583.48825,-7966.385307,3111.089765,0.920132035,12729.11284,,,0.64,1,,,
,,10568.10872,-4587.11204,1980.24384,-0.999710017,7960.240806,-6,0.796024081,,,,,,16429.41271,-8371.479473,3307.66004,-0.999710017,11364.59356,,,0.64,1,,,
,,9866.81717,-4797.171468,2109.02258,-0.964288854,7177.703992,-5,0.717770399,,,,,,15339.16955,-8754.83793,3522.76299,-0.964288854,10106.13032,,,0.64,1,,,
,,9207.136238,-4989.864974,2249.497881,0.837548925,6467.606694,-4,0.646760669,,,,,,14313.61516,-9106.503578,3757.403054,0.837548925,8965.352189,,,0.64,1,,,
,,8586.094497,-5162.162064,2399.987437,-0.09566215,5823.824208,-3,0.582382421,,,,,,13348.1301,-9420.945767,4008.770225,-0.09566215,7935.858892,,,0.64,1,,,
,,8006.759637,-5305.791498,2564.791161,1.932216272,5267.691518,-2,0.526769152,,,,,,12447.48347,-9683.069483,4284.046775,1.932216272,7050.392974,,,0.64,1,,,
,,7463.510377,-5419.966237,2740.566866,-0.592304525,4783.518701,-1,0.47835187,,,,,,11602.9363,-9891.438382,4577.650149,-0.592304525,6288.555757,,,0.64,1,,,
,,6959.348055,-5497.320033,2932.490474,-0.798699829,4393.719797,0,0.43937198,,,,,,10819.15454,-10032.60906,4898.225847,-0.798699829,5683.972633,,,0.64,1,,,
,,6490.236367,-5536.845211,3140.314851,-1.817293719,4091.888713,1,0.409188871,,,,,,10089.86326,-10104.74251,5245.361069,-1.817293719,5228.664532,,,0.64,1,,,
,,6056.057783,-5535.713945,3367.272939,-0.775645347,3886.841131,2,0.388684113,,,,,,9414.879746,-10102.67795,5624.455898,-0.775645347,4935.882051,,,0.64,1,,,
,,5655.092533,-5494.333704,3614.211579,1.700864146,3776.671272,3,0.377667127,,,,,,8791.530409,-10027.15901,6036.924835,1.700864146,4802.997098,,,0.64,1,,,
,,5282.199602,-5416.093833,3881.025613,1.561857805,3748.693239,4,0.374869324,,,,,,8211.82291,-9884.371245,6482.592232,1.561857805,4811.605754,,,0.64,1,,,
,,4935.935954,-5304.063537,4169.311229,-1.121094075,3800.062552,5,0.380006255,,,,,,7673.513878,-9679.915955,6964.124251,-1.121094075,4956.60108,,,0.64,1,,,
,,4618.847612,-5158.588392,4484.939481,0.51419807,3945.712899,6,0.39457129,,,,,,7180.561414,-9414.423815,7491.327484,0.51419807,5257.979282,,,0.64,1,,,
,,4325.347645,-4986.973638,4826.913966,0.994025024,4166.281998,7,0.4166282,,,,,,6724.279952,-9101.226889,8062.537614,0.994025024,5686.584702,,,0.64,1,,,
,,4055.120456,-4794.544923,5197.604771,1.504639769,4459.684944,8,0.445968494,,,,,,6304.17886,-8750.044484,8681.713463,1.504639769,6237.352479,,,0.64,1,,,
,,3805.947595,-4587.265773,5598.249506,1.042479865,4817.973808,9,0.481797381,,,,,,5916.809287,-8371.760036,9350.922251,1.042479865,6897.013982,,,0.64,1,,,
,,3575.774184,-4371.495534,6029.509856,-1.649876295,5232.138629,10,0.523213863,,,,,,5558.976672,-7977.97935,10071.26921,-1.649876295,7650.616652,,,0.64,1,,,
,,3367.151741,-4149.01821,6495.321255,-0.505255106,5712.94953,11,0.571294953,,,,,,5234.647665,-7571.958234,10849.32781,-0.505255106,8511.511988,,,0.64,1,,,
,,3174.754952,-3927.594499,6990.922437,-1.870056516,6236.212833,12,0.623621283,,,,,,4935.543412,-7167.859961,11677.14517,-1.870056516,9442.958568,,,0.64,1,,,
,,3000.680965,-3709.089885,7517.815389,-0.985365994,6808.421103,13,0.68084211,,,,,,4664.924189,-6769.08904,12557.2301,-0.985365994,10452.07989,,,0.64,1,,,
,,2842.025002,-3497.446073,8069.798687,-0.160194263,7414.217421,14,0.741421742,,,,,,4418.274163,-6382.839084,13479.22418,-0.160194263,11514.49907,,,0.64,1,,,
,,2696.928287,-3295.041797,8639.892589,-0.018923534,8041.760155,15,0.804176015,,,,,,4192.703639,-6013.45128,14431.46894,-0.018923534,12610.70237,,,0.64,1,,,
,,2564.109223,-3103.635962,9220.641466,-0.510985418,8680.603741,16,0.868060374,,,,,,3986.22022,-5664.135631,15401.51102,-0.510985418,13723.08463,,,0.64,1,,,
,,2442.041088,-2922.069432,9799.31516,-0.566400156,9318.720415,17,0.931872042,,,,,,3796.450431,-5332.776714,16368.08686,-0.566400156,14831.19418,,,0.64,1,,,
,,2329.995192,-2749.801963,10365.42421,1.112447718,9946.729891,18,0.994672989,,,,,,3622.261433,-5018.388582,17313.67561,1.112447718,15918.66091,,,0.64,1,,,
,,2223.39022,-2588.679099,10903.78678,-0.004373016,10538.49353,19,1.053849353,,,,,,3456.531015,-4724.339356,18212.91858,-0.004373016,16945.10586,,,0.64,1,,,
,,2123.087306,-2435.4564,11403.20971,-0.051030112,11090.78959,20,1.109078959,,,,,,3300.597913,-4444.70793,19047.11952,-0.051030112,17902.95847,,,0.64,1,,,
,,2027.421691,-2290.251738,11852.86482,-0.065077736,11589.9697,21,1.15899697,,,,,,3151.874058,-4179.709421,19798.19179,-0.065077736,18770.29135,,,0.64,1,,,
,,1935.573363,-2152.590119,12243.34998,-0.156805026,12026.17642,22,1.202617642,,,,,,3009.08464,-3928.476967,20450.43073,-0.156805026,19530.8816,,,0.64,1,,,
,,1847.40068,-2021.562668,12566.28835,0.14320968,12392.26957,23,1.239226957,,,,,,2872.009461,-3689.35187,20989.84428,0.14320968,20172.64508,,,0.64,1,,,
,,1762.452504,-1897.690352,12816.96053,0.249746232,12681.97243,24,1.268197243,,,,,,2739.94717,-3463.284892,21408.54946,0.249746232,20685.46148,,,0.64,1,,,
,,1680.884528,-1780.877492,12991.1242,0.16744822,12891.29868,25,1.289129868,,,,,,2613.139813,-3250.101423,21699.4602,0.16744822,21062.66604,,,0.64,1,,,
,,1602.704436,-1671.052137,13087.76305,0.144830098,13019.56018,26,1.301956018,,,,,,2491.599333,-3049.67015,21860.87894,0.144830098,21302.95295,,,0.64,1,,,
,,1528.15873,-1568.050841,13105.64164,0.132697811,13065.88223,27,1.306588223,,,,,,2375.70895,-2861.692784,21890.74208,0.132697811,21404.89094,,,0.64,1,,,
,,1457.205642,-1471.828867,13046.60817,0.126561222,13032.11151,28,1.303211151,,,,,,2265.403729,-2686.087682,21792.13673,0.126561222,21371.57934,,,0.64,1,,,
,,1390.106537,-1382.281334,12913.23978,0.116444266,12921.18142,29,1.292118142,,,,,,2161.089994,-2522.663435,21569.36754,0.116444266,21207.91054,,,0.64,1,,,
,,1326.404784,-1298.96759,12710.95971,0.125176457,12738.52208,30,1.273852208,,,,,,2062.057858,-2370.615851,21231.49314,0.125176457,20923.06033,,,0.64,1,,,
,,1266.525488,-1221.875596,12444.8892,0.095573856,12489.63466,31,1.248963466,,,,,,1968.968196,-2229.922963,20787.06767,0.095573856,20526.20848,,,0.64,1,,,
,,1210.014971,-1150.457731,12123.17656,0.093840794,12182.82764,32,1.218282764,,,,,,1881.115711,-2099.585359,20249.70151,0.093840794,20031.32571,,,0.64,1,,,
,,1156.835801,-1084.452602,11753.78654,0.082007076,11826.25174,33,1.182625174,,,,,,1798.442212,-1979.125999,19632.69839,0.082007076,19452.09661,,,0.64,1,,,
,,1107.124492,-1023.642641,11344.86585,0.076757618,11428.42446,34,1.142842446,,,,,,1721.159924,-1868.14782,18949.66604,0.076757618,18802.7549,,,0.64,1,,,
,,1060.243515,-967.4232674,10906.78473,0.072369418,10999.67735,35,1.099967735,,,,,,1648.277733,-1765.547463,18217.92615,0.072369418,18100.72879,,,0.64,1,,,
,,1016.100988,-915.4935107,10448.18341,0.060332047,10548.85122,36,1.054885122,,,,,,1579.652796,-1670.775657,17451.91075,0.060332047,17360.84822,,,0.64,1,,,
,,974.7449183,-867.6168855,9976.855405,0.056453928,10084.03989,37,1.008403989,,,,,,1515.359747,-1583.400816,16664.6376,0.056453928,16596.65299,,,0.64,1,,,
,,935.7889761,-823.3539052,9500.944222,0.053222541,9613.432515,38,0.961343252,,,,,,1454.797988,-1502.620877,15869.70903,0.053222541,15821.93936,,,0.64,1,,,
,,899.075273,-782.3968482,9026.747012,0.048459906,9143.473896,39,0.91434739,,,,,,1397.722063,-1427.874248,15077.64336,0.048459906,15047.53963,,,0.64,1,,,
,,864.2690594,-744.346006,8559.991272,0.043549669,8679.957875,40,0.867995788,,,,,,1343.611563,-1358.431461,14298.0074,0.043549669,14283.23105,,,0.64,1,,,
,,831.2432873,-708.9248121,8104.18994,0.043818471,8226.552233,41,0.822655223,,,,,,1292.268976,-1293.787782,13536.66891,0.043818471,13535.19392,,,0.64,1,,,
,,799.4924534,-675.6657704,7662.781963,0.034867501,7786.643513,42,0.778664351,,,,,,1242.908436,-1233.090031,12799.37207,0.034867501,12809.22534,,,0.64,1,,,
,,768.6640323,-644.1578049,7237.01342,0.035227627,7361.554875,43,0.736155488,,,,,,1194.981899,-1175.587994,12088.19824,0.035227627,12107.62737,,,0.64,1,,,
,,738.5813591,-614.1228822,6826.481989,0.044646317,6950.985112,44,0.695098511,,,,,,1148.214718,-1120.77426,11402.47541,0.044646317,11429.96051,,,0.64,1,,,
,,708.5790393,-585.0073721,6429.851227,0.028910407,6553.451804,45,0.65534518,,,,,,1101.572456,-1067.638454,10739.97128,0.028910407,10773.93419,,,0.64,1,,,
,,678.4995958,-556.5264,6045.838417,0.043194992,6167.854808,46,0.616785481,,,,,,1054.810296,-1015.66068,10098.54329,0.043194992,10137.7361,,,0.64,1,,,
,,647.3467151,-527.9138697,5669.867913,0.031408009,5789.332166,47,0.578933217,,,,,,1006.379347,-963.4428122,9470.548602,0.031408009,9513.516545,,,0.64,1,,,
,,614.4859027,-498.5705765,5297.526679,0.028960799,5413.470966,48,0.541347097,,,,,,955.2932101,-909.8913021,8848.615991,0.028960799,8894.04686,,,0.64,1,,,
,,580.1936553,-468.6005528,4927.968014,0.04205696,5039.603173,49,0.503960317,,,,,,901.9817331,-855.1960089,8231.331188,0.04205696,8278.158969,,,0.64,1,,,
,,543.3222736,-437.1041496,4554.352289,0.048829496,4660.619242,50,0.466061924,,,,,,844.6606775,-797.715073,7607.269757,0.048829496,7654.264191,,,0.64,1,,,
,,504.1815608,-404.2484956,4176.884891,0.050627828,4276.868584,51,0.427686858,,,,,,783.8116701,-737.7535044,6976.774763,0.050627828,7022.883557,,,0.64,1,,,
,,462.1956948,-369.571558,3791.977762,0.034437072,3884.636336,52,0.388463634,,,,,,718.5395256,-674.4680933,6333.852965,0.034437072,6377.958835,,,0.64,1,,,
,,418.252356,-333.6813518,3403.795514,0.019925549,3488.386444,53,0.348838644,,,,,,650.2242509,-608.968467,5685.460639,0.019925549,5726.736349,,,0.64,1,,,
,,372.4207681,-296.6046467,3012.521223,0.001343704,3088.338688,54,0.308833869,,,,,,578.973463,-541.3034803,5031.903581,0.001343704,5069.574907,,,0.64,1,,,
,,328.3055366,-261.0339315,2640.522926,0.028183462,2707.822714,55,0.270782271,,,,,,510.3909602,-476.3869249,4410.543788,0.028183462,4444.576007,,,0.64,1,,,
,,284.1985703,-225.6814866,2277.655904,0.059851974,2336.23284,56,0.233623284,,,,,,441.8213068,-411.868713,3804.436236,0.059851974,3834.448682,,,0.64,1,,,
,,244.5779959,-194.0304779,1951.768721,0.028486904,2002.344726,57,0.200234473,,,,,,380.2262961,-354.1056222,3260.097204,0.028486904,3286.246364,,,0.64,1,,,
,,205.7468045,-163.117165,1639.863814,0.040385965,1682.53384,58,0.168253384,,,,,,319.8584776,-297.6888261,2739.113184,0.040385965,2761.323222,,,0.64,1,,,
,,172.2183503,-136.4564833,1369.607241,0.03086974,1405.399978,59,0.140539998,,,,,,267.7344102,-249.033082,2287.695612,0.03086974,2306.42781,,,0.64,1,,,
,,142.2397821,-112.6796001,1129.764875,0.000467898,1159.325525,60,0.115932552,,,,,,221.129073,-205.6402702,1887.079791,0.000467898,1902.569061,,,0.64,1,,,
,,116.0545551,-91.89763227,920.8197952,0.008604459,944.9853225,61,0.094498532,,,,,,180.420947,-167.7131789,1538.072625,0.008604459,1550.788997,,,0.64,1,,,
,,93.37459808,-73.91935868,740.3776799,0.008619354,759.8415387,62,0.075984154,,,,,,145.1621903,-134.9028296,1236.674806,0.008619354,1246.942786,,,0.64,1,,,
,,74.10942275,-58.67864866,587.5594166,-0.014299928,602.9758908,63,0.060297589,,,,,,115.2121278,-107.0885338,981.4179267,-0.014299928,989.5272208,,,0.64,1,,,
,,56.57729376,-44.79731917,445.7878281,-0.00697282,457.5608299,64,0.045756083,,,,,,87.95629702,-81.75510749,744.612636,-0.00697282,750.8068527,,,0.64,1,,,
,,44.87197755,-35.51480734,354.7950023,-0.009564019,364.1426085,65,0.036414261,,,,,,69.7589567,-64.8145234,592.6246192,-0.009564019,597.5594885,,,0.64,1,,,
,,34.47227295,-27.27136881,272.9454826,-0.007428185,280.1389586,66,0.028013896,,,,,,53.59134871,-49.77024808,455.908938,-0.007428185,459.7226105,,,0.64,1,,,
,,26.13252476,-20.66187555,206.8869525,-0.004781249,212.3528204,67,0.021235282,,,,,,40.62619396,-37.70792287,345.5694151,-0.004781249,348.482905,,,0.64,1,,,
,,19.72724093,-15.58496019,156.141234,-0.003151475,160.2803633,68,0.016028036,,,,,,30.66839976,-28.44255234,260.8073359,-0.003151475,263.0300318,,,0.64,1,,,
,,14.83344506,-11.70524115,117.37104,-0.001991033,120.4972529,69,0.012049725,,,,,,23.06039779,-21.36206509,196.0483305,-0.001991033,197.7446722,,,0.64,1,,,
,,11.21872022,-8.839002849,88.73420052,-0.00123734,91.11268055,70,0.009111268,,,,,,17.44086757,-16.1311802,148.2153679,-0.00123734,149.523818,,,0.64,1,,,
,,8.466807064,-6.656408959,66.93054915,-0.000577139,68.74037012,71,0.006874037,,,,,,13.16268325,-12.14794635,111.7960821,-0.000577139,112.8102419,,,0.64,1,,,
,,6.460458869,-5.065018701,51.03141774,-0.000144201,52.42671371,72,0.005242671,,,,,,10.04357051,-9.243659129,85.23929117,-0.000144201,86.03905835,,,0.64,1,,,
,,4.97650119,-3.887926749,39.26787616,0.000218512,40.35666911,73,0.004035667,,,,,,7.73657748,-7.095466317,65.59029864,0.000218512,66.23162832,,,0.64,1,,,
,,3.904951845,-3.0380735,30.76936964,0.000459893,31.63670787,74,0.003163671,,,,,,6.070723457,-5.544484137,51.39499104,0.000459893,51.92169026,,,0.64,1,,,
,,3.106967282,-2.405329757,24.43576112,0.000624229,25.13802287,75,0.002513802,,,,,,4.83015922,-4.389726807,40.81577681,0.000624229,41.25683345,,,0.64,1,,,
,,2.485262421,-1.91250371,19.49581365,0.000739445,20.0693118,76,0.002006931,,,,,,3.863643259,-3.490319271,32.56443598,0.000739445,32.93849941,,,0.64,1,,,
,,2.029787819,-1.551589992,15.87091755,0.000775385,16.34989076,77,0.001634989,,,,,,3.155552491,-2.831651735,26.50966448,0.000775385,26.83434062,,,0.64,1,,,
,,1.687378038,-1.280319004,13.13941048,0.000782578,13.54725209,78,0.001354725,,,,,,2.623234765,-2.336582182,21.94714717,0.000782578,22.23458233,,,0.64,1,,,
,,1.416868067,-1.06599601,10.97433179,0.000764149,11.325968,79,0.001132597,,,,,,2.202694054,-1.945442719,18.330752,0.000764149,18.58876748,,,0.64,1,,,
,,1.208077677,-0.900477465,9.295516487,0.000729114,9.603845814,80,0.000960385,,,,,,1.878103952,-1.643371374,15.52657699,0.000729114,15.76203868,,,0.64,1,,,
,,1.041500079,-0.76821089,7.946637646,0.000690652,8.220617487,81,0.000822062,,,,,,1.619138779,-1.401984874,13.27350464,0.000690652,13.49134919,,,0.64,1,,,
,,0.910714383,-0.664050762,6.877101116,0.000646595,7.124411332,82,0.000712441,,,,,,1.415816477,-1.211892641,11.48702604,0.000646595,11.69159647,,,0.64,1,,,
,,0.802942465,-0.577719904,5.982249348,0.000605551,6.208077461,83,0.000620808,,,,,,1.2482719,-1.054338825,9.992328582,0.000605551,10.18686721,,,0.64,1,,,
,,0.714954208,-0.506517258,5.234817013,0.000566662,5.443820626,84,0.000544382,,,,,,1.111483433,-0.924393995,8.743870176,0.000566662,8.931526276,,,0.64,1,,,
,,0.643728028,-0.447824524,4.607543865,0.000529892,4.803977261,85,0.000480398,,,,,,1.000753657,-0.817279756,7.696117225,0.000529892,7.880121018,,,0.64,1,,,
,,0.583062723,-0.396300302,4.043434602,0.000490598,4.230687621,86,0.000423069,,,,,,0.906442048,-0.723248052,6.753868786,0.000490598,6.937553381,,,0.64,1,,,
,,0.536000118,-0.354150817,3.56603648,0.000455816,3.748341597,87,0.000374834,,,,,,0.833277494,-0.646325241,5.956456538,0.000455816,6.143864608,,,0.64,1,,,
,,0.497087927,-0.316150159,3.11633952,0.000422106,3.297699394,88,0.00032977,,,,,,0.772783753,-0.576974041,5.205314363,0.000422106,5.401546181,,,0.64,1,,,
,,0.469037764,-0.284259765,2.71600765,0.000392327,2.901177976,89,0.000290118,,,,,,0.729176355,-0.51877407,4.536628162,0.000392327,4.747422775,,,0.64,1,,,
,,0.452088986,-0.257797609,2.354479997,0.000368616,2.549139989,90,0.000254914,,,,,,0.702827415,-0.470480637,3.932757797,0.000368616,4.16547319,,,0.64,1,,,
,,0.445916372,-0.235755509,2.018161025,0.000349343,2.228671231,91,0.000222867,,,,,,0.693231335,-0.430253805,3.370994239,0.000349343,3.634321113,,,0.64,1,,,
,,0.452343875,-0.219969873,1.730476163,0.000337734,1.963187899,92,0.000196319,,,,,,0.703223672,-0.401445018,2.890465679,0.000337734,3.192582066,,,0.64,1,,,
,,0.470348068,-0.209708426,1.484558549,0.000333639,1.74553183,93,0.000174553,,,,,,0.731213384,-0.382717878,2.479702191,0.000333639,2.828531336,,,0.64,1,,,
,,0.496571451,-0.204888925,1.293715026,0.00033674,1.585734292,94,0.000158573,,,,,,0.771980828,-0.373922288,2.160930593,0.00033674,2.559325872,,,0.64,1,,,
,,0.528944205,-0.203952698,1.141139926,0.000346247,1.46647768,95,0.000146648,,,,,,0.822308218,-0.372213674,1.906079877,0.000346247,2.356520668,,,0.64,1,,,
,,0.56302936,-0.205874683,1.028760816,0.000360421,1.386275914,96,0.000138628,,,,,,0.875297745,-0.375721297,1.718369714,0.000360421,2.218306583,,,0.64,1,,,
,,0.595371986,-0.209225083,0.947627953,0.000379341,1.334154197,97,0.000133415,,,,,,0.925578298,-0.381835777,1.582851087,0.000379341,2.126972949,,,0.64,1,,,
,,0.622747492,-0.212785321,0.89124565,0.000398305,1.301606126,98,0.000130161,,,,,,0.968136858,-0.388333211,1.488674052,0.000398305,2.068876004,,,0.64,1,,,
,,0.644466676,-0.215871742,0.851278637,0.000416374,1.280289944,99,0.000128029,,,,,,1.001901975,-0.39396593,1.421915965,0.000416374,2.030268385,,,0.64,1,,,
,,0.660275619,-0.218070632,0.822018494,0.000432567,1.264656047,100,0.000126466,,,,,,1.026478903,-0.397978904,1.37304188,0.000432567,2.001974446,,,0.64,1,,,
,,,,,,,,,,,,,,,,,,,,,,,,,
,,,,,,,,,,,,,,,,,,,,,,,,,
,,,,,,,,,,,,,,,,,,,,,,,,,
,,,,,,,,,,,,,,,,,,,,,,,,,
,,,,,,,,,,,,,,,,,,,,,,,,,
,,,,,,,,,,,,,,,,,,,,,,,,,
,,,,,,,,,,,,,,,,,,,,,,,,,
,,,,,,,,,,,,,,,,,,,,,,,,,
,,,,,,,,,,,,,,,,,,,,,,,,,
,,,,,,,,,,,,,,,,,,,,,,,,,
,,,,,,,,,,,,,,,,,,,,,,,,,
,,,,,,,,,,,,,,,,,,,,,,,,,
,,,,,,,,,,,,,,,,,,,,,,,,,
,,,,,,,,,,,,,,,,,,,,,,,,,
,,,,,,,,,,,,,,,,,,,,,,,,,
,,,,,,,,,,,,,,,,,,,,,,,,,
,,,,,,,,,,,,,,,,,,,,,,,,,
,,,,,,,,,,,,,,,,,,,,,,,,,
,,,,,,,,,,,,,,,,,,,,,,,,,
,,,,,,,,,,,,,,,,,,,,,,,,,
,,,,,,,,,,,,,,,,,,,,,,,,,
,,,,,,,,,,,,,,,,,,,,,,,,,
,,,,,,,,,,,,,,,,,,,,,,,,,
,,,,,,,,,,,,,,,,,,,,,,,,,
,,,,,,,,,,,,,,,,,,,,,,,,,
,,,,,,,,,,,,,,,,,,,,,,,,,
,,,,,,,,,,,,,,,,,,,,,,,,,
,,,,,,,,,,,,,,,,,,,,,,,,,
,,,,,,,,,,,,,,,,,,,,,,,,,
,,,,,,,,,,,,,,,,,,,,,,,,,
,,,,,,,,,,,,,,,,,,,,,,,,,
,,,,,,,,,,,,,,,,,,,,,,,,,
,,,,,,,,,,,,,,,,,,,,,,,,,
,,,,,,,,,,,,,,,,,,,,,,,,,
,,,,,,,,,,,,,,,,,,,,,,,,,
,,,,,,,,,,,,,,,,,,,,,,,,,
,,,,,,,,,,,,,,,,,,,,,,,,,
,,,,,,,,,,,,,,,,,,,,,,,,,
,,,,,,,,,,,,,,,,,,,,,,,,,
,,,,,,,,,,,,,,,,,,,,,,,,,
,,,,,,,,,,,,,,,,,,,,,,,,,
,,,,,,,,,,,,,,,,,,,,,,,,,
,,,,,,,,,,,,,,,,,,,,,,,,,
,,,,,,,,,,,,,,,,,,,,,,,,,
,,,,,,,,,,,,,,,,,,,,,,,,,
,,,,,,,,,,,,,,,,,,,,,,,,,
,,,,,,,,,,,,,,,,,,,,,,,,,
,,,,,,,,,,,,,,,,,,,,,,,,,
,,,,,,,,,,,,,,,,,,,,,,,,,
,,,,,,,,,,,,,,,,,,,,,,,,,
,,,,,,,,,,,,,,,,,,,,,,,,,
,,,,,,,,,,,,,,,,,,,,,,,,,
,,,,,,,,,,,,,,,,,,,,,,,,,
,,,,,,,,,,,,,,,,,,,,,,,,,
,,,,,,,,,,,,,,,,,,,,,,,,,
,,,,,,,,,,,,,,,,,,,,,,,,,
,,,,,,,,,,,,,,,,,,,,,,,,,
,,,,,,,,,,,,,,,,,,,,,,,,,
,,,,,,,,,,,,,,,,,,,,,,,,,
,,,,,,,,,,,,,,,,,,,,,,,,,
,,,,,,,,,,,,,,,,,,,,,,,,,
,,,,,,,,,,,,,,,,,,,,,,,,,
,,,,,,,,,,,,,,,,,,,,,,,,,
,,,,,,,,,,,,,,,,,,,,,,,,,
,,,,,,,,,,,,,,,,,,,,,,,,,
,,,,,,,,,,,,,,,,,,,,,,,,,
,,,,,,,,,,,,,,,,,,,,,,,,,
,,,,,,,,,,,,,,,,,,,,,,,,,
,,,,,,,,,,,,,,,,,,,,,,,,,
,,,,,,,,,,,,,,,,,,,,,,,,,
,,,,,,,,,,,,,,,,,,,,,,,,,
,,,,,,,,,,,,,,,,,,,,,,,,,
,,,,,,,,,,,,,,,,,,,,,,,,,
,,,,,,,,,,,,,,,,,,,,,,,,,
,,,,,,,,,,,,,,,,,,,,,,,,,
,,,,,,,,,,,,,,,,,,,,,,,,,
,,,,,,,,,,,,,,,,,,,,,,,,,
,,,,,,,,,,,,,,,,,,,,,,,,,
,,,,,,,,,,,,,,,,,,,,,,,,,
,,,,,,,,,,,,,,,,,,,,,,,,,
,,,,,,,,,,,,,,,,,,,,,,,,,
,,,,,,,,,,,,,,,,,,,,,,,,,
,,,,,,,,,,,,,,,,,,,,,,,,,
,,,,,,,,,,,,,,,,,,,,,,,,,
,,,,,,,,,,,,,,,,,,,,,,,,,
,,,,,,,,,,,,,,,,,,,,,,,,,
,,,,,,,,,,,,,,,,,,,,,,,,,
,,,,,,,,,,,,,,,,,,,,,,,,,
,,,,,,,,,,,,,,,,,,,,,,,,,
,,,,,,,,,,,,,,,,,,,,,,,,,
,,,,,,,,,,,,,,,,,,,,,,,,,
,,,,,,,,,,,,,,,,,,,,,,,,,
,,,,,,,,,,,,,,,,,,,,,,,,,
,,,,,,,,,,,,,,,,,,,,,,,,,
,,,,,,,,,,,,,,,,,,,,,,,,,
,,,,,,,,,,,,,,,,,,,,,,,,,
,,,,,,,,,,,,,,,,,,,,,,,,,
,,,,,,,,,,,,,,,,,,,,,,,,,
,,,,,,,,,,,,,,,,,,,,,,,,,
,,,,,,,,,,,,,,,,,,,,,,,,,
,,,,,,,,,,,,,,,,,,,,,,,,,
,,,,,,,,,,,,,,,,,,,,,,,,,
,,,,,,,,,,,,,,,,,,,,,,,,,
,,,,,,,,,,,,,,,,,,,,,,,,,
,,,,,,,,,,,,,,,,,,,,,,,,,
,,,,,,,,,,,,,,,,,,,,,,,,,
,,,,,,,,,,,,,,,,,,,,,,,,,
,,,,,,,,,,,,,,,,,,,,,,,,,
,,,,,,,,,,,,,,,,,,,,,,,,,
,,,,,,,,,,,,,,,,,,,,,,,,,
,,,,,,,,,,,,,,,,,,,,,,,,,
,,,,,,,,,,,,,,,,,,,,,,,,,
,,,,,,,,,,,,,,,,,,,,,,,,,
,,,,,,,,,,,,,,,,,,,,,,,,,
,,,,,,,,,,,,,,,,,,,,,,,,,
,,,,,,,,,,,,,,,,,,,,,,,,,
,,,,,,,,,,,,,,,,,,,,,,,,,
,,,,,,,,,,,,,,,,,,,,,,,,,
,,,,,,,,,,,,,,,,,,,,,,,,,
,,,,,,,,,,,,,,,,,,,,,,,,,
,,,,,,,,,,,,,,,,,,,,,,,,,
,,,,,,,,,,,,,,,,,,,,,,,,,
,,,,,,,,,,,,,,,,,,,,,,,,,
,,,,,,,,,,,,,,,,,,,,,,,,,
,,,,,,,,,,,,,,,,,,,,,,,,,
,,,,,,,,,,,,,,,,,,,,,,,,,
,,,,,,,,,,,,,,,,,,,,,,,,,
,,,,,,,,,,,,,,,,,,,,,,,,,
,,,,,,,,,,,,,,,,,,,,,,,,,
,,,,,,,,,,,,,,,,,,,,,,,,,
,,,,,,,,,,,,,,,,,,,,,,,,,
,,,,,,,,,,,,,,,,,,,,,,,,,
,,,,,,,,,,,,,,,,,,,,,,,,,
,,,,,,,,,,,,,,,,,,,,,,,,,
,,,,,,,,,,,,,,,,,,,,,,,,,
,,,,,,,,,,,,,,,,,,,,,,,,,
,,,,,,,,,,,,,,,,,,,,,,,,,
,,,,,,,,,,,,,,,,,,,,,,,,,
,,,,,,,,,,,,,,,,,,,,,,,,,
,,,,,,,,,,,,,,,,,,,,,,,,,
,,,,,,,,,,,,,,,,,,,,,,,,,
,,,,,,,,,,,,,,,,,,,,,,,,,
,,,,,,,,,,,,,,,,,,,,,,,,,
,,,,,,,,,,,,,,,,,,,,,,,,,
,,,,,,,,,,,,,,,,,,,,,,,,,
,,,,,,,,,,,,,,,,,,,,,,,,,
,,,,,,,,,,,,,,,,,,,,,,,,,
,,,,,,,,,,,,,,,,,,,,,,,,,
,,,,,,,,,,,,,,,,,,,,,,,,,
,,,,,,,,,,,,,,,,,,,,,,,,,
,,,,,,,,,,,,,,,,,,,,,,,,,
,,,,,,,,,,,,,,,,,,,,,,,,,
,,,,,,,,,,,,,,,,,,,,,,,,,
,,,,,,,,,,,,,,,,,,,,,,,,,
,,,,,,,,,,,,,,,,,,,,,,,,,
,,,,,,,,,,,,,,,,,,,,,,,,,
,,,,,,,,,,,,,,,,,,,,,,,,,
,,,,,,,,,,,,,,,,,,,,,,,,,
,,,,,,,,,,,,,,,,,,,,,,,,,
,,,,,,,,,,,,,,,,,,,,,,,,,
,,,,,,,,,,,,,,,,,,,,,,,,,
,,,,,,,,,,,,,,,,,,,,,,,,,
,,,,,,,,,,,,,,,,,,,,,,,,,
,,,,,,,,,,,,,,,,,,,,,,,,,
,,,,,,,,,,,,,,,,,,,,,,,,,
,,,,,,,,,,,,,,,,,,,,,,,,,
,,,,,,,,,,,,,,,,,,,,,,,,,
,,,,,,,,,,,,,,,,,,,,,,,,,
,,,,,,,,,,,,,,,,,,,,,,,,,
,,,,,,,,,,,,,,,,,,,,,,,,,
,,,,,,,,,,,,,,,,,,,,,,,,,
,,,,,,,,,,,,,,,,,,,,,,,,,
,,,,,,,,,,,,,,,,,,,,,,,,,
,,,,,,,,,,,,,,,,,,,,,,,,,
,,,,,,,,,,,,,,,,,,,,,,,,,
,,,,,,,,,,,,,,,,,,,,,,,,,
,,,,,,,,,,,,,,,,,,,,,,,,,
,,,,,,,,,,,,,,,,,,,,,,,,,
,,,,,,,,,,,,,,,,,,,,,,,,,
,,,,,,,,,,,,,,,,,,,,,,,,,
,,,,,,,,,,,,,,,,,,,,,,,,,
,,,,,,,,,,,,,,,,,,,,,,,,,
,,,,,,,,,,,,,,,,,,,,,,,,,
,,,,,,,,,,,,,,,,,,,,,,,,,
,,,,,,,,,,,,,,,,,,,,,,,,,
,,,,,,,,,,,,,,,,,,,,,,,,,
,,,,,,,,,,,,,,,,,,,,,,,,,
,,,,,,,,,,,,,,,,,,,,,,,,,
,,,,,,,,,,,,,,,,,,,,,,,,,
,,,,,,,,,,,,,,,,,,,,,,,,,
,,,,,,,,,,,,,,,,,,,,,,,,,
,,,,,,,,,,,,,,,,,,,,,,,,,
,,,,,,,,,,,,,,,,,,,,,,,,,
,,,,,,,,,,,,,,,,,,,,,,,,,
,,,,,,,,,,,,,,,,,,,,,,,,,
,,,,,,,,,,,,,,,,,,,,,,,,,
,,,,,,,,,,,,,,,,,,,,,,,,,
,,,,,,,,,,,,,,,,,,,,,,,,,
,,,,,,,,,,,,,,,,,,,,,,,,,
,,,,,,,,,,,,,,,,,,,,,,,,,
,,,,,,,,,,,,,,,,,,,,,,,,,
,,,,,,,,,,,,,,,,,,,,,,,,,
,,,,,,,,,,,,,,,,,,,,,,,,,
,,,,,,,,,,,,,,,,,,,,,,,,,
,,,,,,,,,,,,,,,,,,,,,,,,,
,,,,,,,,,,,,,,,,,,,,,,,,,
,,,,,,,,,,,,,,,,,,,,,,,,,
,,,,,,,,,,,,,,,,,,,,,,,,,
,,,,,,,,,,,,,,,,,,,,,,,,,
,,,,,,,,,,,,,,,,,,,,,,,,,
,,,,,,,,,,,,,,,,,,,,,,,,,
,,,,,,,,,,,,,,,,,,,,,,,,,
,,,,,,,,,,,,,,,,,,,,,,,,,
,,,,,,,,,,,,,,,,,,,,,,,,,
,,,,,,,,,,,,,,,,,,,,,,,,,
,,,,,,,,,,,,,,,,,,,,,,,,,
,,,,,,,,,,,,,,,,,,,,,,,,,
,,,,,,,,,,,,,,,,,,,,,,,,,
,,,,,,,,,,,,,,,,,,,,,,,,,
,,,,,,,,,,,,,,,,,,,,,,,,,
,,,,,,,,,,,,,,,,,,,,,,,,,
,,,,,,,,,,,,,,,,,,,,,,,,,
,,,,,,,,,,,,,,,,,,,,,,,,,
,,,,,,,,,,,,,,,,,,,,,,,,,
,,,,,,,,,,,,,,,,,,,,,,,,,
,,,,,,,,,,,,,,,,,,,,,,,,,
,,,,,,,,,,,,,,,,,,,,,,,,,
,,,,,,,,,,,,,,,,,,,,,,,,,
,,,,,,,,,,,,,,,,,,,,,,,,,
,,,,,,,,,,,,,,,,,,,,,,,,,
,,,,,,,,,,,,,,,,,,,,,,,,,
,,,,,,,,,,,,,,,,,,,,,,,,,
,,,,,,,,,,,,,,,,,,,,,,,,,
,,,,,,,,,,,,,,,,,,,,,,,,,
,,,,,,,,,,,,,,,,,,,,,,,,,
,,,,,,,,,,,,,,,,,,,,,,,,,
,,,,,,,,,,,,,,,,,,,,,,,,,
,,,,,,,,,,,,,,,,,,,,,,,,,
,,,,,,,,,,,,,,,,,,,,,,,,,
,,,,,,,,,,,,,,,,,,,,,,,,,
,,,,,,,,,,,,,,,,,,,,,,,,,
,,,,,,,,,,,,,,,,,,,,,,,,,
,,,,,,,,,,,,,,,,,,,,,,,,,
,,,,,,,,,,,,,,,,,,,,,,,,,
,,,,,,,,,,,,,,,,,,,,,,,,,
,,,,,,,,,,,,,,,,,,,,,,,,,
,,,,,,,,,,,,,,,,,,,,,,,,,
,,,,,,,,,,,,,,,,,,,,,,,,,
,,,,,,,,,,,,,,,,,,,,,,,,,
,,,,,,,,,,,,,,,,,,,,,,,,,
,,,,,,,,,,,,,,,,,,,,,,,,,
,,,,,,,,,,,,,,,,,,,,,,,,,
,,,,,,,,,,,,,,,,,,,,,,,,,
,,,,,,,,,,,,,,,,,,,,,,,,,
,,,,,,,,,,,,,,,,,,,,,,,,,
,,,,,,,,,,,,,,,,,,,,,,,,,
,,,,,,,,,,,,,,,,,,,,,,,,,
,,,,,,,,,,,,,,,,,,,,,,,,,
,,,,,,,,,,,,,,,,,,,,,,,,,
,,,,,,,,,,,,,,,,,,,,,,,,,
,,,,,,,,,,,,,,,,,,,,,,,,,
,,,,,,,,,,,,,,,,,,,,,,,,,
,,,,,,,,,,,,,,,,,,,,,,,,,
,,,,,,,,,,,,,,,,,,,,,,,,,
,,,,,,,,,,,,,,,,,,,,,,,,,
,,,,,,,,,,,,,,,,,,,,,,,,,
,,,,,,,,,,,,,,,,,,,,,,,,,
,,,,,,,,,,,,,,,,,,,,,,,,,
,,,,,,,,,,,,,,,,,,,,,,,,,
,,,,,,,,,,,,,,,,,,,,,,,,,
,,,,,,,,,,,,,,,,,,,,,,,,,
,,,,,,,,,,,,,,,,,,,,,,,,,
,,,,,,,,,,,,,,,,,,,,,,,,,
,,,,,,,,,,,,,,,,,,,,,,,,,
,,,,,,,,,,,,,,,,,,,,,,,,,
,,,,,,,,,,,,,,,,,,,,,,,,,
,,,,,,,,,,,,,,,,,,,,,,,,,
,,,,,,,,,,,,,,,,,,,,,,,,,
,,,,,,,,,,,,,,,,,,,,,,,,,
,,,,,,,,,,,,,,,,,,,,,,,,,
,,,,,,,,,,,,,,,,,,,,,,,,,
,,,,,,,,,,,,,,,,,,,,,,,,,
,,,,,,,,,,,,,,,,,,,,,,,,,
,,,,,,,,,,,,,,,,,,,,,,,,,
,,,,,,,,,,,,,,,,,,,,,,,,,
,,,,,,,,,,,,,,,,,,,,,,,,,
,,,,,,,,,,,,,,,,,,,,,,,,,
,,,,,,,,,,,,,,,,,,,,,,,,,
,,,,,,,,,,,,,,,,,,,,,,,,,
,,,,,,,,,,,,,,,,,,,,,,,,,
,,,,,,,,,,,,,,,,,,,,,,,,,
,,,,,,,,,,,,,,,,,,,,,,,,,
,,,,,,,,,,,,,,,,,,,,,,,,,
,,,,,,,,,,,,,,,,,,,,,,,,,
,,,,,,,,,,,,,,,,,,,,,,,,,
,,,,,,,,,,,,,,,,,,,,,,,,,
,,,,,,,,,,,,,,,,,,,,,,,,,
,,,,,,,,,,,,,,,,,,,,,,,,,
,,,,,,,,,,,,,,,,,,,,,,,,,
,,,,,,,,,,,,,,,,,,,,,,,,,
,,,,,,,,,,,,,,,,,,,,,,,,,
,,,,,,,,,,,,,,,,,,,,,,,,,
,,,,,,,,,,,,,,,,,,,,,,,,,
,,,,,,,,,,,,,,,,,,,,,,,,,
,,,,,,,,,,,,,,,,,,,,,,,,,
,,,,,,,,,,,,,,,,,,,,,,,,,
,,,,,,,,,,,,,,,,,,,,,,,,,
,,,,,,,,,,,,,,,,,,,,,,,,,
,,,,,,,,,,,,,,,,,,,,,,,,,
,,,,,,,,,,,,,,,,,,,,,,,,,
,,,,,,,,,,,,,,,,,,,,,,,,,
,,,,,,,,,,,,,,,,,,,,,,,,,
,,,,,,,,,,,,,,,,,,,,,,,,,
,,,,,,,,,,,,,,,,,,,,,,,,,
,,,,,,,,,,,,,,,,,,,,,,,,,
,,,,,,,,,,,,,,,,,,,,,,,,,
,,,,,,,,,,,,,,,,,,,,,,,,,
,,,,,,,,,,,,,,,,,,,,,,,,,
,,,,,,,,,,,,,,,,,,,,,,,,,
,,,,,,,,,,,,,,,,,,,,,,,,,
,,,,,,,,,,,,,,,,,,,,,,,,,
,,,,,,,,,,,,,,,,,,,,,,,,,
,,,,,,,,,,,,,,,,,,,,,,,,,
,,,,,,,,,,,,,,,,,,,,,,,,,
,,,,,,,,,,,,,,,,,,,,,,,,,
,,,,,,,,,,,,,,,,,,,,,,,,,
,,,,,,,,,,,,,,,,,,,,,,,,,
,,,,,,,,,,,,,,,,,,,,,,,,,
,,,,,,,,,,,,,,,,,,,,,,,,,
,,,,,,,,,,,,,,,,,,,,,,,,,
,,,,,,,,,,,,,,,,,,,,,,,,,
,,,,,,,,,,,,,,,,,,,,,,,,,
,,,,,,,,,,,,,,,,,,,,,,,,,
,,,,,,,,,,,,,,,,,,,,,,,,,
,,,,,,,,,,,,,,,,,,,,,,,,,
,,,,,,,,,,,,,,,,,,,,,,,,,
,,,,,,,,,,,,,,,,,,,,,,,,,
,,,,,,,,,,,,,,,,,,,,,,,,,
,,,,,,,,,,,,,,,,,,,,,,,,,
,,,,,,,,,,,,,,,,,,,,,,,,,
,,,,,,,,,,,,,,,,,,,,,,,,,
,,,,,,,,,,,,,,,,,,,,,,,,,
,,,,,,,,,,,,,,,,,,,,,,,,,
,,,,,,,,,,,,,,,,,,,,,,,,,
,,,,,,,,,,,,,,,,,,,,,,,,,
,,,,,,,,,,,,,,,,,,,,,,,,,
,,,,,,,,,,,,,,,,,,,,,,,,,
,,,,,,,,,,,,,,,,,,,,,,,,,
,,,,,,,,,,,,,,,,,,,,,,,,,
,,,,,,,,,,,,,,,,,,,,,,,,,
,,,,,,,,,,,,,,,,,,,,,,,,,
,,,,,,,,,,,,,,,,,,,,,,,,,
,,,,,,,,,,,,,,,,,,,,,,,,,
,,,,,,,,,,,,,,,,,,,,,,,,,
,,,,,,,,,,,,,,,,,,,,,,,,,
,,,,,,,,,,,,,,,,,,,,,,,,,
,,,,,,,,,,,,,,,,,,,,,,,,,
,,,,,,,,,,,,,,,,,,,,,,,,,
,,,,,,,,,,,,,,,,,,,,,,,,,
,,,,,,,,,,,,,,,,,,,,,,,,,
,,,,,,,,,,,,,,,,,,,,,,,,,
,,,,,,,,,,,,,,,,,,,,,,,,,
,,,,,,,,,,,,,,,,,,,,,,,,,
,,,,,,,,,,,,,,,,,,,,,,,,,
,,,,,,,,,,,,,,,,,,,,,,,,,
,,,,,,,,,,,,,,,,,,,,,,,,,
,,,,,,,,,,,,,,,,,,,,,,,,,
,,,,,,,,,,,,,,,,,,,,,,,,,
,,,,,,,,,,,,,,,,,,,,,,,,,
,,,,,,,,,,,,,,,,,,,,,,,,,
,,,,,,,,,,,,,,,,,,,,,,,,,
,,,,,,,,,,,,,,,,,,,,,,,,,
,,,,,,,,,,,,,,,,,,,,,,,,,
,,,,,,,,,,,,,,,,,,,,,,,,,
,,,,,,,,,,,,,,,,,,,,,,,,,
,,,,,,,,,,,,,,,,,,,,,,,,,
,,,,,,,,,,,,,,,,,,,,,,,,,
,,,,,,,,,,,,,,,,,,,,,,,,,
,,,,,,,,,,,,,,,,,,,,,,,,,
,,,,,,,,,,,,,,,,,,,,,,,,,
,,,,,,,,,,,,,,,,,,,,,,,,,
,,,,,,,,,,,,,,,,,,,,,,,,,
,,,,,,,,,,,,,,,,,,,,,,,,,
,,,,,,,,,,,,,,,,,,,,,,,,,
,,,,,,,,,,,,,,,,,,,,,,,,,
,,,,,,,,,,,,,,,,,,,,,,,,,
,,,,,,,,,,,,,,,,,,,,,,,,,
,,,,,,,,,,,,,,,,,,,,,,,,,
,,,,,,,,,,,,,,,,,,,,,,,,,
,,,,,,,,,,,,,,,,,,,,,,,,,
,,,,,,,,,,,,,,,,,,,,,,,,,
,,,,,,,,,,,,,,,,,,,,,,,,,
,,,,,,,,,,,,,,,,,,,,,,,,,
,,,,,,,,,,,,,,,,,,,,,,,,,
,,,,,,,,,,,,,,,,,,,,,,,,,
,,,,,,,,,,,,,,,,,,,,,,,,,
,,,,,,,,,,,,,,,,,,,,,,,,,
,,,,,,,,,,,,,,,,,,,,,,,,,
,,,,,,,,,,,,,,,,,,,,,,,,,
,,,,,,,,,,,,,,,,,,,,,,,,,
,,,,,,,,,,,,,,,,,,,,,,,,,
,,,,,,,,,,,,,,,,,,,,,,,,,
,,,,,,,,,,,,,,,,,,,,,,,,,
,,,,,,,,,,,,,,,,,,,,,,,,,
,,,,,,,,,,,,,,,,,,,,,,,,,
,,,,,,,,,,,,,,,,,,,,,,,,,
,,,,,,,,,,,,,,,,,,,,,,,,,
,,,,,,,,,,,,,,,,,,,,,,,,,
,,,,,,,,,,,,,,,,,,,,,,,,,
,,,,,,,,,,,,,,,,,,,,,,,,,
,,,,,,,,,,,,,,,,,,,,,,,,,
,,,,,,,,,,,,,,,,,,,,,,,,,
,,,,,,,,,,,,,,,,,,,,,,,,,
,,,,,,,,,,,,,,,,,,,,,,,,,
,,,,,,,,,,,,,,,,,,,,,,,,,
,,,,,,,,,,,,,,,,,,,,,,,,,
,,,,,,,,,,,,,,,,,,,,,,,,,
,,,,,,,,,,,,,,,,,,,,,,,,,
,,,,,,,,,,,,,,,,,,,,,,,,,
,,,,,,,,,,,,,,,,,,,,,,,,,
,,,,,,,,,,,,,,,,,,,,,,,,,
,,,,,,,,,,,,,,,,,,,,,,,,,
,,,,,,,,,,,,,,,,,,,,,,,,,
,,,,,,,,,,,,,,,,,,,,,,,,,
,,,,,,,,,,,,,,,,,,,,,,,,,
,,,,,,,,,,,,,,,,,,,,,,,,,
,,,,,,,,,,,,,,,,,,,,,,,,,
,,,,,,,,,,,,,,,,,,,,,,,,,
,,,,,,,,,,,,,,,,,,,,,,,,,
,,,,,,,,,,,,,,,,,,,,,,,,,
,,,,,,,,,,,,,,,,,,,,,,,,,
,,,,,,,,,,,,,,,,,,,,,,,,,
,,,,,,,,,,,,,,,,,,,,,,,,,
,,,,,,,,,,,,,,,,,,,,,,,,,
,,,,,,,,,,,,,,,,,,,,,,,,,
,,,,,,,,,,,,,,,,,,,,,,,,,
,,,,,,,,,,,,,,,,,,,,,,,,,
,,,,,,,,,,,,,,,,,,,,,,,,,
,,,,,,,,,,,,,,,,,,,,,,,,,
,,,,,,,,,,,,,,,,,,,,,,,,,
,,,,,,,,,,,,,,,,,,,,,,,,,
,,,,,,,,,,,,,,,,,,,,,,,,,
,,,,,,,,,,,,,,,,,,,,,,,,,
,,,,,,,,,,,,,,,,,,,,,,,,,
,,,,,,,,,,,,,,,,,,,,,,,,,
,,,,,,,,,,,,,,,,,,,,,,,,,
,,,,,,,,,,,,,,,,,,,,,,,,,
,,,,,,,,,,,,,,,,,,,,,,,,,
,,,,,,,,,,,,,,,,,,,,,,,,,
,,,,,,,,,,,,,,,,,,,,,,,,,
,,,,,,,,,,,,,,,,,,,,,,,,,
,,,,,,,,,,,,,,,,,,,,,,,,,
,,,,,,,,,,,,,,,,,,,,,,,,,
,,,,,,,,,,,,,,,,,,,,,,,,,
,,,,,,,,,,,,,,,,,,,,,,,,,
,,,,,,,,,,,,,,,,,,,,,,,,,
,,,,,,,,,,,,,,,,,,,,,,,,,
,,,,,,,,,,,,,,,,,,,,,,,,,
,,,,,,,,,,,,,,,,,,,,,,,,,
,,,,,,,,,,,,,,,,,,,,,,,,,
,,,,,,,,,,,,,,,,,,,,,,,,,
,,,,,,,,,,,,,,,,,,,,,,,,,
,,,,,,,,,,,,,,,,,,,,,,,,,
,,,,,,,,,,,,,,,,,,,,,,,,,
,,,,,,,,,,,,,,,,,,,,,,,,,
,,,,,,,,,,,,,,,,,,,,,,,,,
,,,,,,,,,,,,,,,,,,,,,,,,,
,,,,,,,,,,,,,,,,,,,,,,,,,
,,,,,,,,,,,,,,,,,,,,,,,,,
,,,,,,,,,,,,,,,,,,,,,,,,,
,,,,,,,,,,,,,,,,,,,,,,,,,
,,,,,,,,,,,,,,,,,,,,,,,,,
,,,,,,,,,,,,,,,,,,,,,,,,,
,,,,,,,,,,,,,,,,,,,,,,,,,
,,,,,,,,,,,,,,,,,,,,,,,,,
,,,,,,,,,,,,,,,,,,,,,,,,,
,,,,,,,,,,,,,,,,,,,,,,,,,
,,,,,,,,,,,,,,,,,,,,,,,,,
,,,,,,,,,,,,,,,,,,,,,,,,,
,,,,,,,,,,,,,,,,,,,,,,,,,
,,,,,,,,,,,,,,,,,,,,,,,,,
,,,,,,,,,,,,,,,,,,,,,,,,,
,,,,,,,,,,,,,,,,,,,,,,,,,
,,,,,,,,,,,,,,,,,,,,,,,,,
,,,,,,,,,,,,,,,,,,,,,,,,,
,,,,,,,,,,,,,,,,,,,,,,,,,
,,,,,,,,,,,,,,,,,,,,,,,,,
,,,,,,,,,,,,,,,,,,,,,,,,,
,,,,,,,,,,,,,,,,,,,,,,,,,
,,,,,,,,,,,,,,,,,,,,,,,,,
,,,,,,,,,,,,,,,,,,,,,,,,,
,,,,,,,,,,,,,,,,,,,,,,,,,
,,,,,,,,,,,,,,,,,,,,,,,,,
,,,,,,,,,,,,,,,,,,,,,,,,,
,,,,,,,,,,,,,,,,,,,,,,,,,
,,,,,,,,,,,,,,,,,,,,,,,,,
,,,,,,,,,,,,,,,,,,,,,,,,,
,,,,,,,,,,,,,,,,,,,,,,,,,
,,,,,,,,,,,,,,,,,,,,,,,,,
,,,,,,,,,,,,,,,,,,,,,,,,,
,,,,,,,,,,,,,,,,,,,,,,,,,
,,,,,,,,,,,,,,,,,,,,,,,,,
,,,,,,,,,,,,,,,,,,,,,,,,,
,,,,,,,,,,,,,,,,,,,,,,,,,
,,,,,,,,,,,,,,,,,,,,,,,,,
,,,,,,,,,,,,,,,,,,,,,,,,,
,,,,,,,,,,,,,,,,,,,,,,,,,
,,,,,,,,,,,,,,,,,,,,,,,,,
,,,,,,,,,,,,,,,,,,,,,,,,,
,,,,,,,,,,,,,,,,,,,,,,,,,
,,,,,,,,,,,,,,,,,,,,,,,,,
,,,,,,,,,,,,,,,,,,,,,,,,,
,,,,,,,,,,,,,,,,,,,,,,,,,
,,,,,,,,,,,,,,,,,,,,,,,,,
,,,,,,,,,,,,,,,,,,,,,,,,,
,,,,,,,,,,,,,,,,,,,,,,,,,
,,,,,,,,,,,,,,,,,,,,,,,,,
,,,,,,,,,,,,,,,,,,,,,,,,,
,,,,,,,,,,,,,,,,,,,,,,,,,
,,,,,,,,,,,,,,,,,,,,,,,,,
,,,,,,,,,,,,,,,,,,,,,,,,,
,,,,,,,,,,,,,,,,,,,,,,,,,
,,,,,,,,,,,,,,,,,,,,,,,,,
,,,,,,,,,,,,,,,,,,,,,,,,,
,,,,,,,,,,,,,,,,,,,,,,,,,
,,,,,,,,,,,,,,,,,,,,,,,,,
,,,,,,,,,,,,,,,,,,,,,,,,,
,,,,,,,,,,,,,,,,,,,,,,,,,
,,,,,,,,,,,,,,,,,,,,,,,,,
,,,,,,,,,,,,,,,,,,,,,,,,,
,,,,,,,,,,,,,,,,,,,,,,,,,
,,,,,,,,,,,,,,,,,,,,,,,,,
,,,,,,,,,,,,,,,,,,,,,,,,,
,,,,,,,,,,,,,,,,,,,,,,,,,
,,,,,,,,,,,,,,,,,,,,,,,,,
,,,,,,,,,,,,,,,,,,,,,,,,,
,,,,,,,,,,,,,,,,,,,,,,,,,
,,,,,,,,,,,,,,,,,,,,,,,,,
,,,,,,,,,,,,,,,,,,,,,,,,,
,,,,,,,,,,,,,,,,,,,,,,,,,
,,,,,,,,,,,,,,,,,,,,,,,,,
,,,,,,,,,,,,,,,,,,,,,,,,,
,,,,,,,,,,,,,,,,,,,,,,,,,
,,,,,,,,,,,,,,,,,,,,,,,,,
,,,,,,,,,,,,,,,,,,,,,,,,,
,,,,,,,,,,,,,,,,,,,,,,,,,
,,,,,,,,,,,,,,,,,,,,,,,,,
,,,,,,,,,,,,,,,,,,,,,,,,,
,,,,,,,,,,,,,,,,,,,,,,,,,
,,,,,,,,,,,,,,,,,,,,,,,,,
,,,,,,,,,,,,,,,,,,,,,,,,,
,,,,,,,,,,,,,,,,,,,,,,,,,
,,,,,,,,,,,,,,,,,,,,,,,,,
,,,,,,,,,,,,,,,,,,,,,,,,,
,,,,,,,,,,,,,,,,,,,,,,,,,
,,,,,,,,,,,,,,,,,,,,,,,,,
,,,,,,,,,,,,,,,,,,,,,,,,,
,,,,,,,,,,,,,,,,,,,,,,,,,
,,,,,,,,,,,,,,,,,,,,,,,,,
,,,,,,,,,,,,,,,,,,,,,,,,,
,,,,,,,,,,,,,,,,,,,,,,,,,
,,,,,,,,,,,,,,,,,,,,,,,,,
,,,,,,,,,,,,,,,,,,,,,,,,,
,,,,,,,,,,,,,,,,,,,,,,,,,
,,,,,,,,,,,,,,,,,,,,,,,,,
,,,,,,,,,,,,,,,,,,,,,,,,,
,,,,,,,,,,,,,,,,,,,,,,,,,
,,,,,,,,,,,,,,,,,,,,,,,,,
,,,,,,,,,,,,,,,,,,,,,,,,,
,,,,,,,,,,,,,,,,,,,,,,,,,
,,,,,,,,,,,,,,,,,,,,,,,,,
,,,,,,,,,,,,,,,,,,,,,,,,,
,,,,,,,,,,,,,,,,,,,,,,,,,
,,,,,,,,,,,,,,,,,,,,,,,,,
,,,,,,,,,,,,,,,,,,,,,,,,,
,,,,,,,,,,,,,,,,,,,,,,,,,
,,,,,,,,,,,,,,,,,,,,,,,,,
,,,,,,,,,,,,,,,,,,,,,,,,,
,,,,,,,,,,,,,,,,,,,,,,,,,
,,,,,,,,,,,,,,,,,,,,,,,,,
,,,,,,,,,,,,,,,,,,,,,,,,,
,,,,,,,,,,,,,,,,,,,,,,,,,
,,,,,,,,,,,,,,,,,,,,,,,,,
,,,,,,,,,,,,,,,,,,,,,,,,,
,,,,,,,,,,,,,,,,,,,,,,,,,
,,,,,,,,,,,,,,,,,,,,,,,,,
,,,,,,,,,,,,,,,,,,,,,,,,,
,,,,,,,,,,,,,,,,,,,,,,,,,
,,,,,,,,,,,,,,,,,,,,,,,,,
,,,,,,,,,,,,,,,,,,,,,,,,,
,,,,,,,,,,,,,,,,,,,,,,,,,
,,,,,,,,,,,,,,,,,,,,,,,,,
,,,,,,,,,,,,,,,,,,,,,,,,,
,,,,,,,,,,,,,,,,,,,,,,,,,
,,,,,,,,,,,,,,,,,,,,,,,,,
,,,,,,,,,,,,,,,,,,,,,,,,,
,,,,,,,,,,,,,,,,,,,,,,,,,
,,,,,,,,,,,,,,,,,,,,,,,,,
,,,,,,,,,,,,,,,,,,,,,,,,,
,,,,,,,,,,,,,,,,,,,,,,,,,
,,,,,,,,,,,,,,,,,,,,,,,,,
,,,,,,,,,,,,,,,,,,,,,,,,,
,,,,,,,,,,,,,,,,,,,,,,,,,
,,,,,,,,,,,,,,,,,,,,,,,,,
,,,,,,,,,,,,,,,,,,,,,,,,,
,,,,,,,,,,,,,,,,,,,,,,,,,
,,,,,,,,,,,,,,,,,,,,,,,,,
,,,,,,,,,,,,,,,,,,,,,,,,,
,,,,,,,,,,,,,,,,,,,,,,,,,
,,,,,,,,,,,,,,,,,,,,,,,,,
,,,,,,,,,,,,,,,,,,,,,,,,,
,,,,,,,,,,,,,,,,,,,,,,,,,
,,,,,,,,,,,,,,,,,,,,,,,,,
,,,,,,,,,,,,,,,,,,,,,,,,,
,,,,,,,,,,,,,,,,,,,,,,,,,
,,,,,,,,,,,,,,,,,,,,,,,,,
,,,,,,,,,,,,,,,,,,,,,,,,,
,,,,,,,,,,,,,,,,,,,,,,,,,
,,,,,,,,,,,,,,,,,,,,,,,,,
,,,,,,,,,,,,,,,,,,,,,,,,,
,,,,,,,,,,,,,,,,,,,,,,,,,
,,,,,,,,,,,,,,,,,,,,,,,,,
,,,,,,,,,,,,,,,,,,,,,,,,,
,,,,,,,,,,,,,,,,,,,,,,,,,
,,,,,,,,,,,,,,,,,,,,,,,,,
,,,,,,,,,,,,,,,,,,,,,,,,,
,,,,,,,,,,,,,,,,,,,,,,,,,
,,,,,,,,,,,,,,,,,,,,,,,,,
,,,,,,,,,,,,,,,,,,,,,,,,,
,,,,,,,,,,,,,,,,,,,,,,,,,
,,,,,,,,,,,,,,,,,,,,,,,,,
,,,,,,,,,,,,,,,,,,,,,,,,,
,,,,,,,,,,,,,,,,,,,,,,,,,
,,,,,,,,,,,,,,,,,,,,,,,,,
,,,,,,,,,,,,,,,,,,,,,,,,,
,,,,,,,,,,,,,,,,,,,,,,,,,
,,,,,,,,,,,,,,,,,,,,,,,,,
,,,,,,,,,,,,,,,,,,,,,,,,,
,,,,,,,,,,,,,,,,,,,,,,,,,
,,,,,,,,,,,,,,,,,,,,,,,,,
,,,,,,,,,,,,,,,,,,,,,,,,,
,,,,,,,,,,,,,,,,,,,,,,,,,
,,,,,,,,,,,,,,,,,,,,,,,,,
,,,,,,,,,,,,,,,,,,,,,,,,,
,,,,,,,,,,,,,,,,,,,,,,,,,
,,,,,,,,,,,,,,,,,,,,,,,,,
,,,,,,,,,,,,,,,,,,,,,,,,,
,,,,,,,,,,,,,,,,,,,,,,,,,
,,,,,,,,,,,,,,,,,,,,,,,,,
,,,,,,,,,,,,,,,,,,,,,,,,,
,,,,,,,,,,,,,,,,,,,,,,,,,
,,,,,,,,,,,,,,,,,,,,,,,,,
,,,,,,,,,,,,,,,,,,,,,,,,,
,,,,,,,,,,,,,,,,,,,,,,,,,
,,,,,,,,,,,,,,,,,,,,,,,,,
,,,,,,,,,,,,,,,,,,,,,,,,,
,,,,,,,,,,,,,,,,,,,,,,,,,
,,,,,,,,,,,,,,,,,,,,,,,,,
,,,,,,,,,,,,,,,,,,,,,,,,,
,,,,,,,,,,,,,,,,,,,,,,,,,
,,,,,,,,,,,,,,,,,,,,,,,,,
,,,,,,,,,,,,,,,,,,,,,,,,,
,,,,,,,,,,,,,,,,,,,,,,,,,
,,,,,,,,,,,,,,,,,,,,,,,,,
,,,,,,,,,,,,,,,,,,,,,,,,,
,,,,,,,,,,,,,,,,,,,,,,,,,
,,,,,,,,,,,,,,,,,,,,,,,,,
,,,,,,,,,,,,,,,,,,,,,,,,,
,,,,,,,,,,,,,,,,,,,,,,,,,
,,,,,,,,,,,,,,,,,,,,,,,,,
,,,,,,,,,,,,,,,,,,,,,,,,,
,,,,,,,,,,,,,,,,,,,,,,,,,
,,,,,,,,,,,,,,,,,,,,,,,,,
,,,,,,,,,,,,,,,,,,,,,,,,,
,,,,,,,,,,,,,,,,,,,,,,,,,
,,,,,,,,,,,,,,,,,,,,,,,,,
,,,,,,,,,,,,,,,,,,,,,,,,,
,,,,,,,,,,,,,,,,,,,,,,,,,
,,,,,,,,,,,,,,,,,,,,,,,,,
,,,,,,,,,,,,,,,,,,,,,,,,,
,,,,,,,,,,,,,,,,,,,,,,,,,
,,,,,,,,,,,,,,,,,,,,,,,,,
,,,,,,,,,,,,,,,,,,,,,,,,,
,,,,,,,,,,,,,,,,,,,,,,,,,
,,,,,,,,,,,,,,,,,,,,,,,,,
,,,,,,,,,,,,,,,,,,,,,,,,,
,,,,,,,,,,,,,,,,,,,,,,,,,
,,,,,,,,,,,,,,,,,,,,,,,,,
,,,,,,,,,,,,,,,,,,,,,,,,,
,,,,,,,,,,,,,,,,,,,,,,,,,
,,,,,,,,,,,,,,,,,,,,,,,,,
,,,,,,,,,,,,,,,,,,,,,,,,,
,,,,,,,,,,,,,,,,,,,,,,,,,
,,,,,,,,,,,,,,,,,,,,,,,,,
,,,,,,,,,,,,,,,,,,,,,,,,,
,,,,,,,,,,,,,,,,,,,,,,,,,
,,,,,,,,,,,,,,,,,,,,,,,,,
,,,,,,,,,,,,,,,,,,,,,,,,,
,,,,,,,,,,,,,,,,,,,,,,,,,
,,,,,,,,,,,,,,,,,,,,,,,,,
,,,,,,,,,,,,,,,,,,,,,,,,,
,,,,,,,,,,,,,,,,,,,,,,,,,
,,,,,,,,,,,,,,,,,,,,,,,,,
,,,,,,,,,,,,,,,,,,,,,,,,,
,,,,,,,,,,,,,,,,,,,,,,,,,
,,,,,,,,,,,,,,,,,,,,,,,,,
,,,,,,,,,,,,,,,,,,,,,,,,,
,,,,,,,,,,,,,,,,,,,,,,,,,
,,,,,,,,,,,,,,,,,,,,,,,,,
,,,,,,,,,,,,,,,,,,,,,,,,,
,,,,,,,,,,,,,,,,,,,,,,,,,
,,,,,,,,,,,,,,,,,,,,,,,,,
,,,,,,,,,,,,,,,,,,,,,,,,,
,,,,,,,,,,,,,,,,,,,,,,,,,
,,,,,,,,,,,,,,,,,,,,,,,,,
,,,,,,,,,,,,,,,,,,,,,,,,,
,,,,,,,,,,,,,,,,,,,,,,,,,
,,,,,,,,,,,,,,,,,,,,,,,,,
,,,,,,,,,,,,,,,,,,,,,,,,,
,,,,,,,,,,,,,,,,,,,,,,,,,
,,,,,,,,,,,,,,,,,,,,,,,,,
,,,,,,,,,,,,,,,,,,,,,,,,,
,,,,,,,,,,,,,,,,,,,,,,,,,
,,,,,,,,,,,,,,,,,,,,,,,,,
,,,,,,,,,,,,,,,,,,,,,,,,,
,,,,,,,,,,,,,,,,,,,,,,,,,
,,,,,,,,,,,,,,,,,,,,,,,,,
,,,,,,,,,,,,,,,,,,,,,,,,,
,,,,,,,,,,,,,,,,,,,,,,,,,
,,,,,,,,,,,,,,,,,,,,,,,,,
,,,,,,,,,,,,,,,,,,,,,,,,,
,,,,,,,,,,,,,,,,,,,,,,,,,
,,,,,,,,,,,,,,,,,,,,,,,,,
,,,,,,,,,,,,,,,,,,,,,,,,,
,,,,,,,,,,,,,,,,,,,,,,,,,
,,,,,,,,,,,,,,,,,,,,,,,,,
,,,,,,,,,,,,,,,,,,,,,,,,,
,,,,,,,,,,,,,,,,,,,,,,,,,
,,,,,,,,,,,,,,,,,,,,,,,,,
,,,,,,,,,,,,,,,,,,,,,,,,,
,,,,,,,,,,,,,,,,,,,,,,,,,
,,,,,,,,,,,,,,,,,,,,,,,,,
,,,,,,,,,,,,,,,,,,,,,,,,,
,,,,,,,,,,,,,,,,,,,,,,,,,
,,,,,,,,,,,,,,,,,,,,,,,,,
,,,,,,,,,,,,,,,,,,,,,,,,,
,,,,,,,,,,,,,,,,,,,,,,,,,
,,,,,,,,,,,,,,,,,,,,,,,,,
,,,,,,,,,,,,,,,,,,,,,,,,,
,,,,,,,,,,,,,,,,,,,,,,,,,
,,,,,,,,,,,,,,,,,,,,,,,,,
,,,,,,,,,,,,,,,,,,,,,,,,,
,,,,,,,,,,,,,,,,,,,,,,,,,
,,,,,,,,,,,,,,,,,,,,,,,,,
,,,,,,,,,,,,,,,,,,,,,,,,,
,,,,,,,,,,,,,,,,,,,,,,,,,
,,,,,,,,,,,,,,,,,,,,,,,,,
,,,,,,,,,,,,,,,,,,,,,,,,,
,,,,,,,,,,,,,,,,,,,,,,,,,
,,,,,,,,,,,,,,,,,,,,,,,,,
,,,,,,,,,,,,,,,,,,,,,,,,,
,,,,,,,,,,,,,,,,,,,,,,,,,
,,,,,,,,,,,,,,,,,,,,,,,,,
,,,,,,,,,,,,,,,,,,,,,,,,,
,,,,,,,,,,,,,,,,,,,,,,,,,
,,,,,,,,,,,,,,,,,,,,,,,,,
,,,,,,,,,,,,,,,,,,,,,,,,,
,,,,,,,,,,,,,,,,,,,,,,,,,
,,,,,,,,,,,,,,,,,,,,,,,,,
,,,,,,,,,,,,,,,,,,,,,,,,,
,,,,,,,,,,,,,,,,,,,,,,,,,
,,,,,,,,,,,,,,,,,,,,,,,,,
,,,,,,,,,,,,,,,,,,,,,,,,,
,,,,,,,,,,,,,,,,,,,,,,,,,
,,,,,,,,,,,,,,,,,,,,,,,,,
,,,,,,,,,,,,,,,,,,,,,,,,,
,,,,,,,,,,,,,,,,,,,,,,,,,
,,,,,,,,,,,,,,,,,,,,,,,,,
,,,,,,,,,,,,,,,,,,,,,,,,,
,,,,,,,,,,,,,,,,,,,,,,,,,
,,,,,,,,,,,,,,,,,,,,,,,,,
,,,,,,,,,,,,,,,,,,,,,,,,,
,,,,,,,,,,,,,,,,,,,,,,,,,
,,,,,,,,,,,,,,,,,,,,,,,,,
,,,,,,,,,,,,,,,,,,,,,,,,,
,,,,,,,,,,,,,,,,,,,,,,,,,
,,,,,,,,,,,,,,,,,,,,,,,,,
,,,,,,,,,,,,,,,,,,,,,,,,,
,,,,,,,,,,,,,,,,,,,,,,,,,
,,,,,,,,,,,,,,,,,,,,,,,,,
,,,,,,,,,,,,,,,,,,,,,,,,,
,,,,,,,,,,,,,,,,,,,,,,,,,
,,,,,,,,,,,,,,,,,,,,,,,,,
,,,,,,,,,,,,,,,,,,,,,,,,,
,,,,,,,,,,,,,,,,,,,,,,,,,
,,,,,,,,,,,,,,,,,,,,,,,,,
,,,,,,,,,,,,,,,,,,,,,,,,,
,,,,,,,,,,,,,,,,,,,,,,,,,
