file,livetime,start_time,number,date,time,gain,gain_formula,fast_count,slow_count,raw_data_length,peak_energy_keV,fit_range_min_keV,fit_range_max_keV,fit_points,fit_r_squared,fit_mean_squared_error,fit_residual_std_error,fit_slope,fit_slope_error,alpha,alpha_error,fit_intercept_beta,fit_intercept_beta_error,spectral_temperature,spectral_temperature_error,spectral_temperature_error_type,plot_file,fit_status
Run01.mca,92.962,5/20/2025 2:07,45797.09,5/20/2025,2:07:20 AM,9.998424,9.84 x 1.0161,4858,11215,1024,141.2203819,145.4136787,249.1977764,199,0.36925515,0.131541096,0.364522343,-0.009216044,0.000858173,0.009216044,0.000858173,1.303743902,0.171282911,108.5064219,10.1038271,1-sigma propagated from slope standard error,Run01_analysis.png,ok
Run03.mca,90.007,5/20/2025 3:03,45797.13,5/20/2025,3:03:24 AM,9.998424,9.84 x 1.0161,4168,9819,1024,148.0344893,151.703624,249.7219385,188,0.283227042,0.149420635,0.388622321,-0.008541913,0.000996373,0.008541913,0.000996373,1.105329326,0.201983378,117.0697969,13.65563313,1-sigma propagated from slope standard error,Run03_analysis.png,ok
Run04.mca,90.027,5/20/2025 3:08,45797.13,5/20/2025,3:08:17 AM,9.998424,9.84 x 1.0161,6732,15099,1024,133.8821123,135.9787608,249.7219385,218,0.446033474,0.081441761,0.286698188,-0.007763161,0.000588667,0.007763161,0.000588667,1.4252122,0.115173319,128.8135006,9.767705167,1-sigma propagated from slope standard error,Run04_analysis.png,ok
Run05.mca,90.02,5/20/2025 3:12,45797.13,5/20/2025,3:12:28 AM,9.998424,9.84 x 1.0161,9448,21187,1024,143.8411924,147.5103272,249.7219385,196,0.508568541,0.06747341,0.26109196,-0.008910133,0.00062884,0.008910133,0.00062884,1.983311886,0.126282404,112.2317725,7.920848152,1-sigma propagated from slope standard error,Run05_analysis.png,ok
Run06.mca,93.956,5/20/2025 3:18,45797.14,5/20/2025,3:18:08 AM,9.998424,9.84 x 1.0161,2369,5353,1024,145.9378408,151.703624,249.1977764,183,0.302568824,0.242686375,0.495346336,-0.011480825,0.001295604,0.011480825,0.001295604,1.008694408,0.261597403,87.10175107,9.829381424,1-sigma propagated from slope standard error,Run06_analysis.png,ok
Run07.mca,90.004,5/20/2025 3:27,45797.14,5/20/2025,3:27:04 AM,9.998424,9.84 x 1.0161,4364,10074,1024,144.8895166,146.9861651,236.6178858,172,0.322094729,0.140454741,0.37697102,-0.009926117,0.001104454,0.009926117,0.001104454,1.363117347,0.213777719,100.7443275,11.20956702,1-sigma propagated from slope standard error,Run07_analysis.png,ok
Run08.mca,91.003,5/20/2025 3:31,45797.15,5/20/2025,3:31:55 AM,9.998424,9.84 x 1.0161,3953,10021,1024,139.1237334,153.2761104,249.7219385,184,0.39636087,0.159993015,0.402183018,-0.011618617,0.001062826,0.011618617,0.001062826,1.649113951,0.215961096,86.06876093,7.873234054,1-sigma propagated from slope standard error,Run08_analysis.png,ok
Run09.mca,92.003,5/20/2025 3:36,45797.15,5/20/2025,3:36:27 AM,9.998424,9.84 x 1.0161,4176,10740,1024,145.9378408,148.0344893,249.7219385,194,0.31642144,0.182099248,0.428947684,-0.009889006,0.001048971,0.009889006,0.001048971,1.331092356,0.21060911,101.1224015,10.72649972,1-sigma propagated from slope standard error,Run09_analysis.png,ok
Run10.mca,90.006,5/20/2025 3:41,45797.15,5/20/2025,3:41:28 AM,9.998424,9.84 x 1.0161,4427,9962,1024,128.6404912,151.1794619,249.7219385,187,0.400505871,0.136231869,0.371085766,-0.010629557,0.000956131,0.010629557,0.000956131,1.546172437,0.193122891,94.07729357,8.462271888,1-sigma propagated from slope standard error,Run10_analysis.png,ok
Run11.mca,112.78,5/20/2025 3:46,45797.16,5/20/2025,3:46:25 AM,9.998424,9.84 x 1.0161,5905,12815,1024,148.5586514,150.6552998,247.6252901,186,0.398079761,0.092761154,0.306217941,-0.008800695,0.000797797,0.008800695,0.000797797,1.275914801,0.160452317,113.6273871,10.30050537,1-sigma propagated from slope standard error,Run11_analysis.png,ok
Run12.mca,98.929,5/20/2025 3:52,45797.16,5/20/2025,3:52:43 AM,9.998424,9.84 x 1.0161,4357,9913,1024,145.4136787,154.3244346,245.0044795,174,0.307304461,0.161955253,0.40476963,-0.010181076,0.001165511,0.010181076,0.001165511,1.380469363,0.234725429,98.2214453,11.24420773,1-sigma propagated from slope standard error,Run12_analysis.png,ok
Run13.mca,92.966,5/20/2025 4:22,45797.18,5/20/2025,4:22:04 AM,9.998424,9.84 x 1.0161,3647,8438,1024,126.5438428,134.9304365,247.6252901,216,0.368730012,0.142203178,0.378856411,-0.008818145,0.000788721,0.008818145,0.000788721,0.924058478,0.153051419,113.4025378,10.14306514,1-sigma propagated from slope standard error,Run13_analysis.png,ok
Run14.mca,93.945,5/20/2025 4:34,45797.19,5/20/2025,4:34:40 AM,9.998424,9.84 x 1.0161,2932,7014,1024,140.6962197,142.7928682,248.6736143,202,0.283227585,0.224712673,0.476402981,-0.00970082,0.00109123,0.00970082,0.00109123,0.856264536,0.216041939,103.0840688,11.59576543,1-sigma propagated from slope standard error,Run14_analysis.png,ok
Run15.mca,92.983,5/20/2025 4:53,45797.20,5/20/2025,4:53:22 AM,9.998424,9.84 x 1.0161,2446,6128,1024,147.5103272,159.0418936,236.0937237,146,0.349687368,0.210595109,0.462082288,-0.015138259,0.001720346,0.015138259,0.001720346,1.743039477,0.341280862,66.05779531,7.506957412,1-sigma propagated from slope standard error,Run15_analysis.png,ok
Run16.mca,91.035,5/20/2025 5:25,45797.23,5/20/2025,5:25:56 AM,9.998424,9.84 x 1.0161,4120,9075,1024,142.7928682,152.2277862,248.1494522,183,0.404545741,0.13991465,0.376112574,-0.011103719,0.001001312,0.011103719,0.001001312,1.562690187,0.202158679,90.0599153,8.121432385,1-sigma propagated from slope standard error,Run16_analysis.png,ok
Run17.mca,103.847,5/21/2025 1:28,45798.06,5/21/2025,1:28:55 AM,9.998424,9.84 x 1.0161,2813,6701,1024,138.0754092,140.1720576,249.7219385,204,0.259637477,0.219794544,0.471137695,-0.008894205,0.001056744,0.008894205,0.001056744,0.616177731,0.207241975,112.4327556,13.35843845,1-sigma propagated from slope standard error,Run17_analysis.png,ok
Run18.mca,91.015,5/21/2025 2:01,45798.08,5/21/2025,2:01:53 AM,9.998424,9.84 x 1.0161,1805,4734,1024,132.8337881,189.967458,216.1755635,50,0.156334136,0.244010016,0.504159797,-0.027300098,0.009153811,0.027300098,0.009153811,4.079108171,1.85995734,36.62990476,12.28212466,1-sigma propagated from slope standard error,Run18_analysis.png,ok
Run19.mca,90.016,5/21/2025 2:08,45798.09,5/21/2025,2:08:05 AM,9.998424,9.84 x 1.0161,1175,3314,1024,134.4062744,176.3392432,199.9265381,45,0.225479254,0.260686211,0.522313269,-0.03976238,0.011238319,0.03976238,0.011238319,5.609211576,2.117758361,25.1494003,7.108150888,1-sigma propagated from slope standard error,Run19_analysis.png,ok
Run20.mca,98.904,5/21/2025 2:16,45798.09,5/21/2025,2:16:14 AM,9.998424,9.84 x 1.0161,722,2391,1024,140.1720576,166.3801631,191.0157823,43,0.247072097,0.16887105,0.4208428,-0.031340393,0.008544317,0.031340393,0.008544317,3.333071422,1.525234582,31.90770437,8.698982885,1-sigma propagated from slope standard error,Run20_analysis.png,ok
Run21.mca,91.984,5/21/2025 2:30,45798.10,5/21/2025,2:30:09 AM,9.998424,9.84 x 1.0161,3264,7352,1024,145.9378408,148.0344893,245.0044795,184,0.267553305,0.225856425,0.477847636,-0.010257727,0.001258051,0.010257727,0.001258051,1.11223909,0.249203581,97.48748797,11.95627892,1-sigma propagated from slope standard error,Run21_analysis.png,ok
Run22.mca,93.01,5/21/2025 2:36,45798.11,5/21/2025,2:36:15 AM,9.998424,9.84 x 1.0161,3921,8739,1024,149.6069756,154.8485967,248.6736143,178,0.32906247,0.143959274,0.381569358,-0.009835482,0.001058623,0.009835482,0.001058623,1.266144224,0.2149977,101.6726999,10.9433399,1-sigma propagated from slope standard error,Run22_analysis.png,ok
Run23.mca,100.907,5/21/2025 2:47,45798.12,5/21/2025,2:47:26 AM,9.998424,9.84 x 1.0161,5090,10855,1024,130.7371397,152.2277862,249.7219385,187,0.339706677,0.13026049,0.362861835,-0.009149125,0.0009378,0.009149125,0.0009378,1.30511109,0.190332925,109.300074,11.20342996,1-sigma propagated from slope standard error,Run23_analysis.png,ok
Run24.mca,91.022,5/21/2025 2:52,45798.12,5/21/2025,2:52:54 AM,9.998424,9.84 x 1.0161,4864,10342,1024,142.7928682,162.7110283,248.1494522,164,0.284545315,0.118798387,0.346792495,-0.008759497,0.001091282,0.008759497,0.001091282,1.309996769,0.225811951,114.1618108,14.22258992,1-sigma propagated from slope standard error,Run24_analysis.png,ok
Run25.mca,90.997,5/21/2025 3:22,45798.14,5/21/2025,3:22:09 AM,9.998424,9.84 x 1.0161,5335,11095,1024,135.4545987,148.0344893,242.383669,181,0.380447232,0.093476513,0.307442585,-0.008748072,0.000834407,0.008748072,0.000834407,1.360240775,0.164478984,114.310897,10.90317677,1-sigma propagated from slope standard error,Run25_analysis.png,ok
Run26.mca,90.011,5/21/2025 3:34,45798.15,5/21/2025,3:34:48 AM,9.998424,9.84 x 1.0161,6106,12761,1024,149.0828135,157.9935694,247.101128,171,0.425109363,0.101894906,0.321093075,-0.010608898,0.000949007,0.010608898,0.000949007,1.878015738,0.193780749,94.26049821,8.431962401,1-sigma propagated from slope standard error,Run26_analysis.png,ok
Run27.mca,96.932,5/21/2025 3:51,45798.16,5/21/2025,3:51:31 AM,9.998424,9.84 x 1.0161,8234,17119,1024,148.0344893,152.2277862,247.6252901,183,0.472738821,0.072717592,0.271147748,-0.009221421,0.00072387,0.009221421,0.00072387,1.84460387,0.146102353,108.4431506,8.512656382,1-sigma propagated from slope standard error,Run27_analysis.png,ok
Run28.mca,112.746,5/21/2025 3:56,45798.16,5/21/2025,3:56:59 AM,9.998424,9.84 x 1.0161,14041,30244,1024,143.3170303,151.703624,248.6736143,186,0.608339824,0.035834685,0.190326541,-0.008382789,0.000495862,0.008382789,0.000495862,2.094826753,0.100242186,119.292038,7.056415258,1-sigma propagated from slope standard error,Run28_analysis.png,ok
Run29.mca,90.986,5/21/2025 4:17,45798.18,5/21/2025,4:17:09 AM,9.998424,9.84 x 1.0161,6561,13921,1024,140.6962197,143.3170303,249.7219385,204,0.405740773,0.084860013,0.292745984,-0.007798085,0.000664012,0.007798085,0.000664012,1.385669682,0.132091166,128.2366147,10.91943081,1-sigma propagated from slope standard error,Run29_analysis.png,ok
Run30.mca,92.999,5/21/2025 4:33,45798.19,5/21/2025,4:33:59 AM,9.998424,9.84 x 1.0161,7098,13948,1024,148.0344893,150.1311377,249.7219385,191,0.346949372,0.102726605,0.322201271,-0.008083486,0.000806693,0.008083486,0.000806693,1.467590667,0.162955625,123.7090069,12.3455599,1-sigma propagated from slope standard error,Run30_analysis.png,ok
Run31.mca,113.743,5/21/2025 4:55,45798.21,5/21/2025,4:55:40 AM,9.998424,9.84 x 1.0161,8287,17021,1024,143.3170303,154.3244346,249.7219385,183,0.392168854,0.066343697,0.258991846,-0.007471801,0.000691418,0.007471801,0.000691418,1.392037045,0.140988491,133.8365393,12.38483818,1-sigma propagated from slope standard error,Run31_analysis.png,ok
Run32.mca,90.99,5/21/2025 5:01,45798.21,5/21/2025,5:01:37 AM,9.998424,9.84 x 1.0161,7170,14881,1024,149.6069756,153.8002725,249.7219385,184,0.339391418,0.095756817,0.311141591,-0.007966669,0.000823878,0.007966669,0.000823878,1.53325295,0.167801601,125.5229787,12.981032,1-sigma propagated from slope standard error,Run32_analysis.png,ok
Run33.mca,115.739,5/21/2025 5:13,45798.22,5/21/2025,5:13:54 AM,9.998424,9.84 x 1.0161,9970,20637,1024,146.462003,150.1311377,249.7219385,191,0.381289298,0.060484082,0.247232937,-0.006680387,0.000618995,0.006680387,0.000618995,1.374387062,0.125039847,149.6919253,13.87024008,1-sigma propagated from slope standard error,Run33_analysis.png,ok
Run34.mca,100.889,5/21/2025 5:24,45798.23,5/21/2025,5:24:43 AM,9.998424,9.84 x 1.0161,9707,20392,1024,141.2203819,150.1311377,246.5769659,185,0.493802409,0.049048683,0.2226763,-0.007814296,0.000584854,0.007814296,0.000584854,1.705867339,0.117157742,127.9705811,9.577850024,1-sigma propagated from slope standard error,Run34_analysis.png,ok
Run35.mca,91.988,5/21/2025 5:40,45798.24,5/21/2025,5:40:38 AM,9.998424,9.84 x 1.0161,15810,34408,1024,149.0828135,153.8002725,249.7219385,184,0.591023082,0.036832554,0.192969706,-0.008286714,0.000510968,0.008286714,0.000510968,2.383569389,0.104070387,120.6751009,7.440963163,1-sigma propagated from slope standard error,Run35_analysis.png,ok
Run36.mca,90.97,5/21/2025 5:57,45798.25,5/21/2025,5:57:47 AM,9.998424,9.84 x 1.0161,10513,21310,1024,134.4062744,145.9378408,248.6736143,197,0.510869556,0.040844071,0.203132923,-0.006929016,0.000485525,0.006929016,0.000485525,1.713665108,0.096883924,144.3206439,10.11273176,1-sigma propagated from slope standard error,Run36_analysis.png,ok
Run37.mca,91.007,5/21/2025 6:07,45798.25,5/21/2025,6:07:11 AM,9.998424,9.84 x 1.0161,11427,22185,1024,149.6069756,154.8485967,249.7219385,182,0.313962157,0.05224781,0.229844167,-0.005615117,0.000618668,0.005615117,0.000618668,1.558499753,0.12630188,178.0906717,19.6218659,1-sigma propagated from slope standard error,Run37_analysis.png,ok
Run38.mca,100.871,5/21/2025 6:25,45798.27,5/21/2025,6:25:45 AM,9.998424,9.84 x 1.0161,11795,22206,1024,146.462003,152.7519483,249.1977764,185,0.421303862,0.037874849,0.195675195,-0.005932087,0.000513937,0.005932087,0.000513937,1.535569659,0.104285407,168.5747404,14.60476343,1-sigma propagated from slope standard error,Run38_analysis.png,ok
Run39.mca,90.006,5/21/2025 6:33,45798.27,5/21/2025,6:33:16 AM,9.998424,9.84 x 1.0161,4174,8425,1024,148.5586514,153.8002725,247.6252901,180,0.297023303,0.12921522,0.361479012,-0.008579082,0.00098925,0.008579082,0.00098925,1.134717667,0.200374794,116.5625853,13.44077692,1-sigma propagated from slope standard error,Run39_analysis.png,ok
Run40.mca,94.954,5/21/2025 6:37,45798.28,5/21/2025,6:37:05 AM,9.998424,9.84 x 1.0161,11490,22488,1024,140.1720576,142.2687061,248.1494522,203,0.412326551,0.048153002,0.220526952,-0.005984096,0.000503904,0.005984096,0.000503904,1.574747019,0.099576934,167.1096268,14.07183795,1-sigma propagated from slope standard error,Run40_analysis.png,ok
Run41.mca,91.958,5/21/2025 6:42,45798.28,5/21/2025,6:42:09 AM,9.998424,9.84 x 1.0161,9791,19776,1024,140.6962197,150.1311377,249.7219385,191,0.481418595,0.052938037,0.23129684,-0.007670691,0.000579096,0.007670691,0.000579096,1.785204802,0.116980051,130.3663591,9.841961781,1-sigma propagated from slope standard error,Run41_analysis.png,ok
Run42.mca,91.005,5/21/2025 6:47,45798.28,5/21/2025,6:47:39 AM,9.998424,9.84 x 1.0161,8227,16675,1024,144.8895166,148.5586514,246.0528038,187,0.353325525,0.076213057,0.277555367,-0.007211887,0.000717329,0.007211887,0.000717329,1.51488228,0.142981084,138.6599569,13.79178729,1-sigma propagated from slope standard error,Run42_analysis.png,ok
Run43.mca,96.915,5/21/2025 6:53,45798.29,5/21/2025,6:53:01 AM,9.998424,9.84 x 1.0161,6608,14020,1024,141.2203819,143.3170303,249.7219385,204,0.408399209,0.081108713,0.286202323,-0.007665878,0.00064917,0.007665878,0.00064917,1.305254233,0.129138573,130.4482091,11.04674587,1-sigma propagated from slope standard error,Run43_analysis.png,ok
Run44.mca,92.973,5/21/2025 6:59,45798.29,5/21/2025,6:59:25 AM,9.998424,9.84 x 1.0161,3945,9193,1024,142.2687061,151.1794619,245.0044795,180,0.349502989,0.159981801,0.402218037,-0.010764585,0.001100739,0.010764585,0.001100739,1.430776597,0.220098933,92.89722018,9.499263245,1-sigma propagated from slope standard error,Run44_analysis.png,ok
Run45.mca,91.969,5/21/2025 7:07,45798.30,5/21/2025,7:07:40 AM,9.998424,9.84 x 1.0161,2282,5819,1024,130.7371397,132.8337881,249.7219385,219,0.317754983,0.198196252,0.447239248,-0.009043426,0.000899554,0.009043426,0.000899554,0.487124982,0.17383033,110.5775667,10.99920162,1-sigma propagated from slope standard error,Run45_analysis.png,ok
Run01.mca,128.561,7/9/2025 19:41,45847.82,7/9/2025,7:41:53 PM,9.998424,9.84 x 1.0161,130,486,1024,75.70011817,130.2129776,233.9970752,66,0.405056753,0.091951192,0.30793614,0.009648706,0.001461702,-0.009648706,0.001461702,-4.934620824,0.241386868,-103.6408425,15.70076377,1-sigma propagated from slope standard error,Run01_analysis.png,ok
Run02.mca,120,7/9/2025 19:49,45847.83,7/9/2025,7:49:58 PM,9.998424,9.84 x 1.0161,238,923,1024,76.22428028,170.0492979,239.7628584,43,0.38390357,0.04054546,0.206211753,0.007715168,0.001526394,-0.007715168,0.001526394,-4.519274409,0.30060158,-129.6148055,25.64342052,1-sigma propagated from slope standard error,Run02_analysis.png,ok
Run03.mca,120,7/9/2025 19:55,45847.83,7/9/2025,7:55:05 PM,9.998424,9.84 x 1.0161,371,1313,1024,75.70011817,137.5512471,166.9043252,45,0.151486041,0.26842822,0.530012503,-0.026551414,0.009582893,0.026551414,0.009582893,1.118058668,1.440635526,37.66277744,13.5931874,1-sigma propagated from slope standard error,Run03_analysis.png,ok
Run04.mca,120,7/9/2025 20:00,45847.83,7/9/2025,8:00:41 PM,9.998424,9.84 x 1.0161,452,1608,1024,75.70011817,146.462003,178.4358916,54,0.146988132,0.251173053,0.510718665,-0.022128634,0.007392466,0.022128634,0.007392466,0.858177598,1.197821598,45.19031675,15.09663363,1-sigma propagated from slope standard error,Run04_analysis.png,ok
Run05.mca,120,7/9/2025 20:59,45847.87,7/9/2025,8:59:26 PM,9.998424,9.84 x 1.0161,561,1702,1024,76.22428028,152.2277862,182.6291885,49,0.167501859,0.364628057,0.616558306,-0.030675731,0.009975342,0.030675731,0.009975342,2.527368757,1.661182177,32.5990601,10.60078363,1-sigma propagated from slope standard error,Run05_analysis.png,ok
Run06.mca,120,7/9/2025 21:14,45847.88,7/9/2025,9:14:18 PM,9.998424,9.84 x 1.0161,2205,5938,1024,75.70011817,114.4881143,249.7219385,252,0.507648419,0.184165746,0.430858529,-0.011256465,0.000701113,0.011256465,0.000701113,0.480569547,0.129570843,88.83783724,5.533298786,1-sigma propagated from slope standard error,Run06_analysis.png,ok
Run07.mca,120,7/9/2025 21:20,45847.89,7/9/2025,9:20:56 PM,9.998424,9.84 x 1.0161,2370,6183,1024,75.70011817,120.7780596,246.5769659,232,0.454861008,0.242503567,0.494582949,-0.012493869,0.000901877,0.012493869,0.000901877,0.754764358,0.167287533,80.03925501,5.777678719,1-sigma propagated from slope standard error,Run07_analysis.png,ok
Run08.mca,120,7/9/2025 21:25,45847.89,7/9/2025,9:25:54 PM,9.998424,9.84 x 1.0161,2673,6641,1024,76.22428028,119.7297354,249.1977764,243,0.496986957,0.167244595,0.410648897,-0.011001168,0.000712931,0.011001168,0.000712931,0.654571895,0.13328336,90.89944232,5.890739599,1-sigma propagated from slope standard error,Run08_analysis.png,ok
Run09.mca,120,7/9/2025 21:30,45847.90,7/9/2025,9:30:12 PM,9.998424,9.84 x 1.0161,1696,4567,1024,75.70011817,118.157249,246.5769659,231,0.362776034,0.207577298,0.457591739,-0.009477566,0.000830053,0.009477566,0.000830053,-0.063270329,0.151941437,105.5123269,9.240856277,1-sigma propagated from slope standard error,Run09_analysis.png,ok
Run10.mca,120,7/9/2025 21:34,45847.90,7/9/2025,9:34:32 PM,9.998424,9.84 x 1.0161,1934,4921,1024,76.22428028,122.3505459,248.1494522,230,0.400474038,0.212596226,0.463099455,-0.010480063,0.000849206,0.010480063,0.000849206,0.230769467,0.158621935,95.41927168,7.731886806,1-sigma propagated from slope standard error,Run10_analysis.png,ok
Run11.mca,120,7/9/2025 21:39,45847.90,7/9/2025,9:39:14 PM,9.998424,9.84 x 1.0161,1426,4251,1024,75.17595606,108.7223311,246.0528038,239,0.367173657,0.225417672,0.476780799,-0.009618083,0.000820202,0.009618083,0.000820202,-0.240786728,0.144402118,103.9708218,8.866328561,1-sigma propagated from slope standard error,Run11_analysis.png,ok
Run12.mca,120,7/9/2025 21:44,45847.91,7/9/2025,9:44:42 PM,9.998424,9.84 x 1.0161,2360,6078,1024,76.22428028,117.1089248,248.1494522,243,0.38980897,0.198512819,0.4473927,-0.00945159,0.000761734,0.00945159,0.000761734,0.267858547,0.140955282,105.8023048,8.526947759,1-sigma propagated from slope standard error,Run12_analysis.png,ok
Run13.mca,120,7/9/2025 21:48,45847.91,7/9/2025,9:48:50 PM,9.998424,9.84 x 1.0161,2755,6774,1024,76.22428028,124.4471944,249.7219385,234,0.356820429,0.200757067,0.449986368,-0.009280895,0.000818064,0.009280895,0.000818064,0.403890156,0.154911018,107.7482306,9.497458841,1-sigma propagated from slope standard error,Run13_analysis.png,ok
Run14.mca,120,7/9/2025 21:53,45847.91,7/9/2025,9:53:13 PM,9.998424,9.84 x 1.0161,2184,5718,1024,76.22428028,109.7706553,249.7219385,257,0.424555128,0.19424911,0.442462012,-0.009504344,0.000692926,0.009504344,0.000692926,0.125754177,0.12606669,105.2150415,7.670833524,1-sigma propagated from slope standard error,Run14_analysis.png,ok
Run15.mca,120,7/9/2025 21:57,45847.91,7/9/2025,9:57:09 PM,9.998424,9.84 x 1.0161,1501,3909,1024,76.22428028,120.7780596,249.7219385,222,0.347375818,0.223673168,0.475085845,-0.009528328,0.000880516,0.009528328,0.000880516,-0.185042295,0.162124062,104.9502104,9.698481975,1-sigma propagated from slope standard error,Run15_analysis.png,ok
Run16.mca,120,7/9/2025 22:02,45847.92,7/9/2025,10:02:28 PM,9.998424,9.84 x 1.0161,1698,4243,1024,76.22428028,128.6404912,249.7219385,218,0.353052233,0.241543061,0.493740388,-0.010488955,0.000966096,0.010488955,0.000966096,0.135217919,0.183541985,95.33837945,8.781243454,1-sigma propagated from slope standard error,Run16_analysis.png,ok
Run17.mca,120,7/9/2025 22:09,45847.92,7/9/2025,10:09:26 PM,9.998424,9.84 x 1.0161,2154,5651,1024,75.70011817,118.6814112,243.9561553,226,0.425789109,0.168072381,0.411792457,-0.010015722,0.000777135,0.010015722,0.000777135,0.279875742,0.141300672,99.84302186,7.746974854,1-sigma propagated from slope standard error,Run17_analysis.png,ok
Run18.mca,120,7/9/2025 22:13,45847.93,7/9/2025,10:13:47 PM,9.998424,9.84 x 1.0161,2511,6393,1024,76.22428028,123.9230322,242.9078311,221,0.428862466,0.219097758,0.470211283,-0.011974356,0.000933773,0.011974356,0.000933773,0.73992655,0.172743781,83.51179563,6.512340452,1-sigma propagated from slope standard error,Run18_analysis.png,ok
Run19.mca,120,7/9/2025 22:17,45847.93,7/9/2025,10:17:35 PM,9.998424,9.84 x 1.0161,1379,3329,1024,75.70011817,121.3022217,240.2870206,208,0.246836518,0.184004019,0.431034182,-0.007443292,0.000905881,0.007443292,0.000905881,-0.580479558,0.162704953,134.3491633,16.3508855,1-sigma propagated from slope standard error,Run19_analysis.png,ok
Run21.mca,120,7/9/2025 22:28,45847.94,7/9/2025,10:28:22 PM,9.998424,9.84 x 1.0161,1283,3194,1024,76.22428028,135.9787608,240.8111827,183,0.237333984,0.236286408,0.488771222,-0.00906222,0.001207487,0.00906222,0.001207487,-0.326035893,0.226760382,110.3482356,14.70324989,1-sigma propagated from slope standard error,Run21_analysis.png,ok
Run22.mca,120,7/9/2025 22:47,45847.95,7/9/2025,10:47:08 PM,9.998424,9.84 x 1.0161,1647,4069,1024,75.17595606,109.7706553,247.101128,251,0.275275812,0.216315253,0.46696116,-0.007304596,0.000751102,0.007304596,0.000751102,-0.494421623,0.135593704,136.9001197,14.07688316,1-sigma propagated from slope standard error,Run22_analysis.png,ok
Run23.mca,120,7/9/2025 22:51,45847.95,7/9/2025,10:51:22 PM,9.998424,9.84 x 1.0161,1235,3246,1024,75.17595606,119.7297354,247.6252901,217,0.149705978,0.270183115,0.522203453,-0.006199189,0.001007583,0.006199189,0.001007583,-0.923662172,0.182849271,161.3114186,26.21868294,1-sigma propagated from slope standard error,Run23_analysis.png,ok
Run24.mca,120,7/9/2025 22:55,45847.96,7/9/2025,10:55:17 PM,9.998424,9.84 x 1.0161,333,902,1024,75.70011817,139.6478955,164.2835147,40,0.161602028,0.169873465,0.42286425,-0.024435159,0.009028697,0.024435159,0.009028697,0.730015769,1.371316988,40.92463603,15.12149514,1-sigma propagated from slope standard error,Run24_analysis.png,ok
Run25.mca,120,7/9/2025 22:59,45847.96,7/9/2025,10:59:05 PM,9.998424,9.84 x 1.0161,682,1696,1024,141.744544,203.5956729,235.0453995,32,0.123915098,0.175532212,0.432705858,-0.016355528,0.007939898,0.016355528,0.007939898,1.100573372,1.728379865,61.14140664,29.68149587,1-sigma propagated from slope standard error,Run25_analysis.png,ok
Run26.mca,120,7/9/2025 23:03,45847.96,7/9/2025,11:03:38 PM,9.998424,9.84 x 1.0161,351,899,1024,144.8895166,152.2277862,182.1050264,42,0.195748509,0.192817646,0.449953918,-0.024290185,0.007784801,0.024290185,0.007784801,1.203210105,1.295737797,41.16889193,13.19428584,1-sigma propagated from slope standard error,Run26_analysis.png,ok
Run27.mca,120,7/9/2025 23:07,45847.96,7/9/2025,11:07:13 PM,9.998424,9.84 x 1.0161,579,1610,1024,76.22428028,162.7110283,197.8298897,58,0.138050278,0.244274605,0.502989759,-0.019483211,0.006505622,0.019483211,0.006505622,0.928514851,1.170227296,51.3262411,17.13830117,1-sigma propagated from slope standard error,Run27_analysis.png,ok
Run28.mca,120,7/9/2025 23:11,45847.97,7/9/2025,11:11:20 PM,9.998424,9.84 x 1.0161,933,2550,1024,76.22428028,118.157249,240.8111827,197,0.180765493,0.236743622,0.489051901,-0.006867081,0.00104689,0.006867081,0.00104689,-1.051041988,0.183347538,145.6222753,22.20019861,1-sigma propagated from slope standard error,Run28_analysis.png,ok
Run29.mca,120,7/9/2025 23:15,45847.97,7/9/2025,11:15:50 PM,9.998424,9.84 x 1.0161,1271,3415,1024,75.17595606,118.6814112,247.6252901,210,0.229018621,0.264446823,0.516710345,-0.007915571,0.001007018,0.007915571,0.001007018,-0.578755287,0.180953609,126.3332712,16.07209984,1-sigma propagated from slope standard error,Run29_analysis.png,ok
Run30.mca,120,7/9/2025 23:20,45847.97,7/9/2025,11:20:32 PM,9.998424,9.84 x 1.0161,1444,3924,1024,76.22428028,126.0196807,246.5769659,211,0.450834209,0.157745166,0.399067273,-0.010735359,0.000819571,0.010735359,0.000819571,0.045648851,0.151833621,93.15012546,7.111375446,1-sigma propagated from slope standard error,Run30_analysis.png,ok
Run31.mca,120,7/9/2025 23:24,45847.98,7/9/2025,11:24:23 PM,9.998424,9.84 x 1.0161,1180,3073,1024,75.17595606,117.1089248,239.2386963,203,0.232575328,0.226679547,0.478471593,-0.007840697,0.001004599,0.007840697,0.001004599,-0.678354992,0.176328472,127.5396855,16.34117839,1-sigma propagated from slope standard error,Run31_analysis.png,ok
Run32.mca,120,7/9/2025 23:27,45847.98,7/9/2025,11:27:36 PM,9.998424,9.84 x 1.0161,822,2160,1024,75.70011817,127.592167,247.101128,185,0.087545616,0.229288349,0.481450135,-0.004596153,0.001096875,0.004596153,0.001096875,-1.522879413,0.199588209,217.5732522,51.92402343,1-sigma propagated from slope standard error,Run32_analysis.png,ok
Run33.mca,120,7/9/2025 23:30,45847.98,7/9/2025,11:30:43 PM,9.998424,9.84 x 1.0161,479,1214,1024,134.9304365,209.3614561,240.8111827,32,0.084153751,0.134121963,0.378237263,-0.012888535,0.007762783,0.012888535,0.007762783,0.288502346,1.732438461,77.58833783,46.73156948,1-sigma propagated from slope standard error,Run33_analysis.png,ok
Run34.mca,120,7/9/2025 23:35,45847.98,7/9/2025,11:35:39 PM,9.998424,9.84 x 1.0161,2470,6405,1024,75.70011817,124.4471944,249.7219385,236,0.484059805,0.179967487,0.426034823,-0.01143366,0.000771663,0.01143366,0.000771663,0.64845793,0.146329187,87.46105732,5.902785005,1-sigma propagated from slope standard error,Run34_analysis.png,ok
Run35.mca,120,7/9/2025 23:39,45847.99,7/9/2025,11:39:17 PM,9.998424,9.84 x 1.0161,896,2477,1024,75.17595606,149.0828135,188.3949717,72,0.209405401,0.264192884,0.52128807,-0.023125752,0.005370687,0.023125752,0.005370687,1.699252458,0.90567107,43.24183701,10.04241346,1-sigma propagated from slope standard error,Run35_analysis.png,ok
Run36.mca,120,7/9/2025 23:44,45847.99,7/9/2025,11:44:35 PM,9.998424,9.84 x 1.0161,302,1123,1024,75.70011817,85.13503614,105.5773584,40,0.076919931,0.270321117,0.533430918,-0.024805073,0.013939556,0.024805073,0.013939556,-0.645390414,1.331896302,40.31433412,22.65520195,1-sigma propagated from slope standard error,Run36_analysis.png,ok
Run01.mca,300,10/13/2025 15:52,45943.66,10/13/2025,3:52:25 PM,9.998424,9.84 x 1.0161,495,1298,1024,142.7928682,187.3466475,209.3614561,27,0.087874191,0.169704829,0.428113555,-0.019566557,0.012607852,0.019566557,0.012607852,0.268959201,2.508046539,51.10761117,32.93155827,1-sigma propagated from slope standard error,Run01_analysis.png,ok
Run02.mca,300,10/13/2025 16:01,45943.67,10/13/2025,4:01:23 PM,9.998424,9.84 x 1.0161,743,1824,1024,148.0344893,219.3205362,249.1977764,32,0.251023731,0.101488303,0.329020044,-0.021631007,0.006821702,0.021631007,0.006821702,1.728665044,1.590282725,46.22993225,14.57938714,1-sigma propagated from slope standard error,Run02_analysis.png,ok
Run03.mca,300,10/13/2025 16:08,45943.67,10/13/2025,4:08:31 PM,9.998424,9.84 x 1.0161,935,2197,1024,139.6478955,178.9600537,222.9896709,79,0.152411907,0.257387591,0.51388032,-0.016660475,0.004477391,0.016660475,0.004477391,0.069812977,0.899949314,60.02229888,16.13058943,1-sigma propagated from slope standard error,Run03_analysis.png,ok
Run04.mca,301.989,10/13/2025 16:20,45943.68,10/13/2025,4:20:54 PM,9.998424,9.84 x 1.0161,1332,2948,1024,149.6069756,165.3318389,185.7741612,40,0.165650072,0.187095441,0.44378212,-0.031853273,0.011596864,0.031853273,0.011596864,2.795457594,2.037073153,31.3939477,11.42963689,1-sigma propagated from slope standard error,Run04_analysis.png,ok
Run05.mca,240,10/13/2025 16:27,45943.69,10/13/2025,4:27:18 PM,9.998424,9.84 x 1.0161,33,174,1024,146.9861651,152.7519483,243.9561553,10,0.465009508,0.036370241,0.213220077,0.006738162,0.002555281,-0.006738162,0.002555281,-5.05279999,0.482652516,-148.408413,56.28020139,1-sigma propagated from slope standard error,Run05_analysis.png,ok
Run06.mca,240,10/13/2025 16:33,45943.69,10/13/2025,4:33:32 PM,9.998424,9.84 x 1.0161,33,135,1024,146.9861651,160.6143799,230.3279405,15,0.993464866,0.000256263,0.017195584,0.00928901,0.000208953,-0.00928901,0.000208953,-5.58821432,0.039978096,-107.6541014,2.42164171,1-sigma propagated from slope standard error,Run06_analysis.png,ok
Run07.mca,240,10/13/2025 16:47,45943.70,10/13/2025,4:47:23 PM,9.998424,9.84 x 1.0161,141,505,1024,145.9378408,187.8708096,243.4319932,18,0.995791122,5.33E-05,0.007740603,0.008252281,0.000134126,-0.008252281,0.000134126,-5.368251313,0.027169614,-121.1786106,1.969541044,1-sigma propagated from slope standard error,Run07_analysis.png,ok
Run08.mca,240,10/13/2025 16:53,45943.70,10/13/2025,4:53:42 PM,9.998424,9.84 x 1.0161,345,918,1024,149.0828135,200.4507002,222.4655088,18,0.436490278,0.091949694,0.321626189,-0.04519957,0.012839193,0.04519957,0.012839193,6.20306671,2.707040027,22.12410424,6.284476752,1-sigma propagated from slope standard error,Run08_analysis.png,ok
Run09.mca,240,10/13/2025 17:07,45943.71,10/13/2025,5:07:34 PM,9.998424,9.84 x 1.0161,130,497,1024,134.4062744,183.1533506,249.1977764,15,0.994302006,0.000128096,0.012157405,0.008327256,0.000174836,-0.008327256,0.000174836,-5.387148774,0.035758438,-120.0875729,2.521321537,1-sigma propagated from slope standard error,Run09_analysis.png,ok
Run10.mca,299.445939,10/13/2025 17:16,45943.72,10/13/2025,5:16:37 PM,15.500074,14.27 x 1.0862,731,727,1024,121.8263838,155.8969209,187.8708096,39,0.460803789,0.133339945,0.374896666,0.036479964,0.006487374,-0.036479964,0.006487374,-10.19863379,1.120564067,-27.41230797,4.874837414,1-sigma propagated from slope standard error,Run10_analysis.png,ok
Run11.mca,242.266,10/13/2025 17:27,45943.73,10/13/2025,5:27:36 PM,15.500074,14.27 x 1.0862,1078,1080,1024,118.157249,160.6143799,189.967458,45,0.062472809,0.21893959,0.478667763,-0.014517177,0.00857619,0.014517177,0.00857619,-0.768685373,1.507914372,68.88391454,40.69396524,1-sigma propagated from slope standard error,Run11_analysis.png,ok
Run12.mca,510.269,10/13/2025 17:51,45943.74,10/13/2025,5:51:36 PM,15.500074,14.27 x 1.0862,2371,2384,1024,121.3022217,185.2499991,210.9339424,47,0.064708384,0.319594767,0.577753389,-0.019715329,0.011173546,0.019715329,0.011173546,0.534412867,2.214433165,50.72195277,28.74636601,1-sigma propagated from slope standard error,Run12_analysis.png,ok
Run01_test.mca,190.364817,10/14/2025 12:11,45944.51,10/14/2025,12:11:23 PM,15.500074,14.27 x 1.0862,18275,18135,1024,120.7780596,124.4471944,230.8521026,204,0.705188928,0.0360063,0.190690321,0.009507583,0.000432527,-0.009507583,0.000432527,-1.976422009,0.077989611,-105.1791973,4.784905002,1-sigma propagated from slope standard error,Run01_test_analysis.png,ok
Run02_Janileesettings.mca,102.293854,10/14/2025 12:18,45944.51,10/14/2025,12:18:04 PM,10.001376,9.84 x 1.0164,12219,11732,1024,143.3170303,149.0828135,246.5769659,187,0.359093983,0.115066163,0.341042697,-0.008973674,0.000881409,0.008973674,0.000881409,1.366600596,0.176143559,111.4370721,10.94553362,1-sigma propagated from slope standard error,Run02_Janileesettings_analysis.png,ok
Run03.mca,180,10/14/2025 12:23,45944.52,10/14/2025,12:23:04 PM,10.001376,9.84 x 1.0164,20259,20262,1024,139.1237334,146.9861651,249.7219385,197,0.533552977,0.064408284,0.255086028,-0.009105899,0.000609702,0.009105899,0.000609702,1.344559431,0.122294907,109.8189169,7.353129922,1-sigma propagated from slope standard error,Run03_analysis.png,ok
Run04.mca,180,10/14/2025 12:32,45944.52,10/14/2025,12:32:26 PM,10.001376,9.84 x 1.0164,19953,19997,1024,148.0344893,150.1311377,249.7219385,191,0.486185772,0.066191518,0.258634796,-0.00865958,0.000647542,0.00865958,0.000647542,1.258316077,0.13080642,115.4790453,8.635236243,1-sigma propagated from slope standard error,Run04_analysis.png,ok
Run05.mca,180,10/14/2025 12:40,45944.53,10/14/2025,12:40:31 PM,10.001376,9.84 x 1.0164,22349,22408,1024,148.5586514,150.6552998,249.1977764,189,0.443307806,0.060458475,0.247194438,-0.007672608,0.000628749,0.007672608,0.000628749,1.189867689,0.126983021,130.3337846,10.68048758,1-sigma propagated from slope standard error,Run05_analysis.png,ok
Run06.mca,180,10/14/2025 12:44,45944.53,10/14/2025,12:44:59 PM,10.001376,9.84 x 1.0164,25089,25117,1024,149.6069756,152.2277862,249.7219385,187,0.511304279,0.062609162,0.251567125,-0.009045425,0.000650164,0.009045425,0.000650164,1.569801939,0.131955202,110.5531203,7.946295201,1-sigma propagated from slope standard error,Run06_analysis.png,ok
Run07.mca,180,10/14/2025 12:51,45944.54,10/14/2025,12:51:28 PM,10.001376,9.84 x 1.0164,26872,26906,1024,147.5103272,151.703624,249.1977764,187,0.517692928,0.04744411,0.218990911,-0.007975447,0.000565972,0.007975447,0.000565972,1.42448444,0.114574154,125.3848153,8.897843833,1-sigma propagated from slope standard error,Run07_analysis.png,ok
Run08.mca,180,10/14/2025 12:57,45944.54,10/14/2025,12:57:20 PM,10.001376,9.84 x 1.0164,29134,29195,1024,148.5586514,152.7519483,249.7219385,186,0.580213211,0.032606301,0.181550866,-0.007543077,0.000472999,0.007543077,0.000472999,1.419555449,0.09611122,132.5719001,8.313102707,1-sigma propagated from slope standard error,Run08_analysis.png,ok
Run09.mca,180,10/14/2025 13:03,45944.54,10/14/2025,1:03:31 PM,10.001376,9.84 x 1.0164,31216,31266,1024,143.8411924,148.0344893,249.7219385,195,0.580286245,0.042016987,0.206039792,-0.008168703,0.000500069,0.008168703,0.000500069,1.598726488,0.100541376,122.4184602,7.494173112,1-sigma propagated from slope standard error,Run09_analysis.png,ok
Run10.mca,180,10/14/2025 13:10,45944.55,10/14/2025,1:10:01 PM,10.001376,9.84 x 1.0164,32716,32722,1024,140.6962197,145.4136787,249.7219385,200,0.550241195,0.048740468,0.221884646,-0.008069228,0.000518457,0.008069228,0.000518457,1.60451367,0.103625049,123.9275901,7.96248625,1-sigma propagated from slope standard error,Run10_analysis.png,ok
Run11.mca,180,10/14/2025 13:16,45944.55,10/14/2025,1:16:33 PM,10.001376,9.84 x 1.0164,29361,29427,1024,140.6962197,155.8969209,248.6736143,178,0.609697794,0.037971345,0.195966419,-0.009042669,0.00054536,0.009042669,0.00054536,1.698336921,0.11129189,110.5868152,6.66945288,1-sigma propagated from slope standard error,Run11_analysis.png,ok
Run12.mca,180,10/14/2025 13:22,45944.56,10/14/2025,1:22:19 PM,10.001376,9.84 x 1.0164,26245,26249,1024,149.6069756,151.703624,249.7219385,188,0.534695481,0.044467378,0.212003589,-0.007946551,0.000543548,0.007946551,0.000543548,1.370982502,0.110187189,125.8407573,8.607563382,1-sigma propagated from slope standard error,Run12_analysis.png,ok
Run13.mca,180,10/14/2025 13:27,45944.56,10/14/2025,1:27:44 PM,10.001376,9.84 x 1.0164,23576,23606,1024,142.2687061,148.0344893,249.7219385,195,0.585751803,0.046682803,0.217178641,-0.008707652,0.000527104,0.008707652,0.000527104,1.411062141,0.105976807,114.8415211,6.951744114,1-sigma propagated from slope standard error,Run13_analysis.png,ok
Run14.mca,180,10/14/2025 13:34,45944.57,10/14/2025,1:34:14 PM,10.001376,9.84 x 1.0164,22060,22106,1024,149.0828135,151.1794619,248.6736143,187,0.575012937,0.046375612,0.2165109,-0.008852896,0.000559562,0.008852896,0.000559562,1.380235201,0.112986218,112.9573819,7.139664444,1-sigma propagated from slope standard error,Run14_analysis.png,ok
Run15.mca,180,10/14/2025 13:43,45944.57,10/14/2025,1:43:20 PM,10.001376,9.84 x 1.0164,20157,20188,1024,139.6478955,144.8895166,249.7219385,201,0.427577397,0.073439889,0.272356345,-0.007701039,0.000631646,0.007701039,0.000631646,1.074269057,0.126099284,129.8526132,10.65062694,1-sigma propagated from slope standard error,Run15_analysis.png,ok
Run16.mca,180,10/14/2025 13:50,45944.58,10/14/2025,1:50:17 PM,10.001376,9.84 x 1.0164,18588,18639,1024,142.7928682,144.8895166,248.6736143,199,0.490911486,0.065952488,0.258112487,-0.008375253,0.000607659,0.008375253,0.000607659,1.137095743,0.120967855,119.3993754,8.662913823,1-sigma propagated from slope standard error,Run16_analysis.png,ok
Run17.mca,180,10/14/2025 13:55,45944.58,10/14/2025,1:55:27 PM,10.001376,9.84 x 1.0164,16089,16121,1024,149.6069756,152.2277862,249.1977764,186,0.422576594,0.076795447,0.278621931,-0.008423481,0.000725901,0.008423481,0.000725901,0.993908151,0.147122862,118.7157673,10.23043181,1-sigma propagated from slope standard error,Run17_analysis.png,ok
Run18.mca,180,10/14/2025 13:59,45944.58,10/14/2025,1:59:48 PM,10.001376,9.84 x 1.0164,12979,13032,1024,148.5586514,153.2761104,246.5769659,179,0.354474921,0.135215553,0.369788335,-0.010060702,0.001020482,0.010060702,0.001020482,1.101488555,0.205885143,99.39664637,10.08205125,1-sigma propagated from slope standard error,Run18_analysis.png,ok
Run19.mca,180,10/14/2025 14:04,45944.59,10/14/2025,2:04:28 PM,10.001376,9.84 x 1.0164,10983,11007,1024,137.027085,141.744544,232.4245889,174,0.361887005,0.091342872,0.303981904,-0.00864486,0.000875298,0.00864486,0.000875298,0.64856292,0.165368352,115.6756761,11.71224432,1-sigma propagated from slope standard error,Run19_analysis.png,ok
Run20.mca,180,10/14/2025 14:09,45944.59,10/14/2025,2:09:31 PM,10.001376,9.84 x 1.0164,7721,7735,1024,142.2687061,156.421083,229.2796163,140,0.333434269,0.159200284,0.40188,-0.013321821,0.001603395,0.013321821,0.001603395,1.176570358,0.311075026,75.06481404,9.03468978,1-sigma propagated from slope standard error,Run20_analysis.png,ok
Run21.mca,180,10/14/2025 14:14,45944.59,10/14/2025,2:14:05 PM,10.001376,9.84 x 1.0164,9176,9199,1024,141.2203819,143.8411924,246.5769659,197,0.299075285,0.170761579,0.415346819,-0.009055533,0.000992755,0.009055533,0.000992755,0.543862095,0.196041147,110.4297209,12.10637419,1-sigma propagated from slope standard error,Run21_analysis.png,ok
Run22.mca,180,10/14/2025 14:18,45944.60,10/14/2025,2:18:34 PM,10.001376,9.84 x 1.0164,4673,4692,1024,142.2687061,152.7519483,189.4432959,71,0.211385828,0.143036261,0.383643376,-0.018227976,0.004238462,0.018227976,0.004238462,1.388742147,0.72661858,54.86072585,12.75649489,1-sigma propagated from slope standard error,Run22_analysis.png,ok
Run23.mca,180,10/14/2025 14:23,45944.60,10/14/2025,2:23:56 PM,10.001376,9.84 x 1.0164,1809,1815,1024,137.5512471,166.9043252,188.3949717,38,0.111594013,0.20949567,0.470249208,-0.025034432,0.011772583,0.025034432,0.011772583,1.740640581,2.092461536,39.94498517,18.78435575,1-sigma propagated from slope standard error,Run23_analysis.png,ok
Run24.mca,180,10/14/2025 14:29,45944.60,10/14/2025,2:29:10 PM,10.001376,9.84 x 1.0164,2903,2908,1024,137.5512471,219.3205362,243.9561553,39,0.172093411,0.272489479,0.53592783,-0.032362194,0.011669322,0.032362194,0.011669322,4.985711394,2.701210955,30.90025363,11.14216871,1-sigma propagated from slope standard error,Run24_analysis.png,ok
Run25.mca,180,10/14/2025 14:38,45944.61,10/14/2025,2:38:19 PM,10.001376,9.84 x 1.0164,4477,4494,1024,145.9378408,157.9935694,247.6252901,167,0.184657899,0.212393696,0.463646594,-0.008367489,0.001368797,0.008367489,0.001368797,-0.314307168,0.279374895,119.5101671,19.55009493,1-sigma propagated from slope standard error,Run25_analysis.png,ok
Run26.mca,180,10/14/2025 14:43,45944.61,10/14/2025,2:43:49 PM,10.001376,9.84 x 1.0164,2781,2794,1024,141.2203819,191.5399444,213.0305909,39,0.198817476,0.204865203,0.464692369,-0.036643672,0.01209307,0.036643672,0.01209307,4.959351525,2.445513186,27.28984141,9.006138166,1-sigma propagated from slope standard error,Run26_analysis.png,ok
Run27.mca,180,10/14/2025 14:50,45944.62,10/14/2025,2:50:10 PM,10.001376,9.84 x 1.0164,5275,5293,1024,149.6069756,157.9935694,249.7219385,165,0.205490638,0.161163089,0.40390661,-0.007793406,0.001200292,0.007793406,0.001200292,-0.300524779,0.244358276,128.3136005,19.76206751,1-sigma propagated from slope standard error,Run27_analysis.png,ok
Run28.mca,180,10/14/2025 14:55,45944.62,10/14/2025,2:55:15 PM,10.001376,9.84 x 1.0164,7933,7946,1024,149.6069756,154.8485967,249.7219385,181,0.315840168,0.199360367,0.448985364,-0.011069162,0.00121768,0.011069162,0.00121768,0.76745128,0.248267048,90.34107763,9.938111296,1-sigma propagated from slope standard error,Run28_analysis.png,ok
Run30.mca,179.532,10/14/2025 15:27,45944.64,10/14/2025,3:27:09 PM,10.001376,9.84 x 1.0164,3143,3135,1024,144.8895166,149.6069756,249.1977764,171,0.199344005,0.275941873,0.528400849,-0.009384746,0.001446774,0.009384746,0.001446774,-0.577756578,0.285935944,106.5558938,16.42689626,1-sigma propagated from slope standard error,Run30_analysis.png,ok
Run31.mca,179.982,10/14/2025 15:35,45944.65,10/14/2025,3:35:05 PM,10.001376,9.84 x 1.0164,44561,44561,1024,76.22428028,127.592167,249.7219385,234,0.751855873,0.032456335,0.180931289,-0.008856827,0.000334056,0.008856827,0.000334056,1.850444081,0.064122269,112.9072564,4.258557973,1-sigma propagated from slope standard error,Run31_analysis.png,ok
Run32.mca,179.748,10/14/2025 15:42,45944.65,10/14/2025,3:42:04 PM,10.001376,9.84 x 1.0164,57163,57093,1024,75.70011817,134.9304365,248.6736143,218,0.777502822,0.027176723,0.165615094,-0.009342441,0.000340052,0.009342441,0.000340052,2.26130244,0.066180075,107.0384094,3.89604566,1-sigma propagated from slope standard error,Run32_analysis.png,ok
Run33.mca,179.73,10/14/2025 15:48,45944.66,10/14/2025,3:48:29 PM,10.001376,9.84 x 1.0164,59851,59770,1024,76.22428028,131.2613018,249.1977764,226,0.730005678,0.027345709,0.166101978,-0.007951539,0.000323103,0.007951539,0.000323103,2.045079227,0.062448994,125.7618136,5.110212728,1-sigma propagated from slope standard error,Run33_analysis.png,ok
Run34.mca,179.838,10/14/2025 15:54,45944.66,10/14/2025,3:54:46 PM,10.001376,9.84 x 1.0164,53094,53052,1024,76.22428028,138.0754092,249.1977764,213,0.753172365,0.022946868,0.152198468,-0.00821036,0.000323572,0.00821036,0.000323572,1.999315242,0.063517278,121.7973429,4.800055828,1-sigma propagated from slope standard error,Run34_analysis.png,ok
Run35.mca,120,10/14/2025 16:12,45944.68,10/14/2025,4:12:36 PM,10.001376,9.84 x 1.0164,2089,2097,1024,148.5586514,187.3466475,207.7889698,35,0.128618011,0.305848217,0.569547603,-0.034795766,0.015766047,0.034795766,0.015766047,4.587049893,3.120008796,28.73912889,13.02177015,1-sigma propagated from slope standard error,Run35_analysis.png,ok
Run36.mca,120,10/14/2025 16:17,45944.68,10/14/2025,4:17:50 PM,10.001376,9.84 x 1.0164,2681,2693,1024,148.5586514,154.8485967,175.8150811,41,0.132783152,0.245495794,0.508020986,-0.031260795,0.012792637,0.031260795,0.012792637,3.249385102,2.116517811,31.9889496,13.09061477,1-sigma propagated from slope standard error,Run36_analysis.png,ok
Run37.mca,119.856,10/14/2025 16:23,45944.68,10/14/2025,4:23:34 PM,10.001376,9.84 x 1.0164,32783,32747,1024,76.22428028,134.4062744,249.7219385,221,0.677171733,0.041389532,0.204371031,-0.008811423,0.000411112,0.008811423,0.000411112,2.03778106,0.080147732,113.4890441,5.295027829,1-sigma propagated from slope standard error,Run37_analysis.png,ok
Run38.mca,119.748,10/14/2025 16:29,45944.69,10/14/2025,4:29:38 PM,10.001376,9.84 x 1.0164,45261,45174,1024,76.22428028,133.8821123,249.7219385,222,0.702658005,0.03354601,0.18398634,-0.008381866,0.000367608,0.008381866,0.000367608,2.277177353,0.071581193,119.3051693,5.232437476,1-sigma propagated from slope standard error,Run38_analysis.png,ok
Run39.mca,120,10/14/2025 16:45,45944.70,10/14/2025,4:45:06 PM,10.001376,9.84 x 1.0164,1856,1857,1024,140.1720576,197.3057276,239.2386963,53,0.165447741,0.179458118,0.431851469,-0.015571084,0.004897,0.015571084,0.004897,0.956491539,1.065494769,64.22160497,20.19725808,1-sigma propagated from slope standard error,Run39_analysis.png,ok
Run40.mca,120,10/14/2025 16:52,45944.70,10/14/2025,4:52:25 PM,10.001376,9.84 x 1.0164,1988,1989,1024,143.3170303,170.0492979,195.7332412,48,0.374781088,0.187508603,0.442336016,-0.044175948,0.008412676,0.044175948,0.008412676,5.883299533,1.541673124,22.63675248,4.310845175,1-sigma propagated from slope standard error,Run40_analysis.png,ok
Run41.mca,120,10/14/2025 17:08,45944.71,10/14/2025,5:08:07 PM,10.001376,9.84 x 1.0164,2693,2699,1024,140.1720576,204.6439971,226.6588057,37,0.333183891,0.186145019,0.443601034,-0.049874171,0.011926217,0.049874171,0.011926217,8.608486767,2.573614722,20.05045853,4.794588401,1-sigma propagated from slope standard error,Run41_analysis.png,ok
Run42.mca,119.796,10/14/2025 17:14,45944.72,10/14/2025,5:14:22 PM,10.001376,9.84 x 1.0164,22995,22958,1024,144.8895166,146.9861651,249.7219385,197,0.581920757,0.048798454,0.22203367,-0.008743192,0.000530701,0.008743192,0.000530701,1.703948127,0.106448743,114.3747031,6.942406718,1-sigma propagated from slope standard error,Run42_analysis.png,ok
Run43.mca,120,10/14/2025 17:32,45944.73,10/14/2025,5:32:54 PM,10.001376,9.84 x 1.0164,1780,1786,1024,146.462003,169.0009737,189.967458,38,0.269050777,0.261511358,0.525394867,-0.049302674,0.013543961,0.049302674,0.013543961,6.630849873,2.435221532,20.28287559,5.571918498,1-sigma propagated from slope standard error,Run43_analysis.png,ok
Run44.mca,120,10/14/2025 17:39,45944.74,10/14/2025,5:39:03 PM,10.001376,9.84 x 1.0164,1507,1515,1024,141.2203819,151.1794619,172.6701084,40,0.117443261,0.15054131,0.398076044,-0.022347526,0.009937907,0.022347526,0.009937907,1.217754248,1.609252759,44.74768213,19.89921817,1-sigma propagated from slope standard error,Run44_analysis.png,ok
Run45.mca,119.868,10/14/2025 17:45,45944.74,10/14/2025,5:45:49 PM,10.001376,9.84 x 1.0164,1878,1876,1024,144.8895166,196.2574034,217.7480498,37,0.171970276,0.246396589,0.51036888,-0.033583957,0.012456445,0.033583957,0.012456445,4.618507892,2.581029236,29.77612188,11.0441013,1-sigma propagated from slope standard error,Run45_analysis.png,ok
Run46.mca,49.32,10/14/2025 17:53,45944.75,10/14/2025,5:53:24 PM,10.001376,9.84 x 1.0164,236,97,1024,149.6069756,211.9822666,247.101128,8,0.99727733,1.48E-05,0.004436668,0.007315703,0.000156052,-0.007315703,0.000156052,-3.573288158,0.035527953,-136.6922556,2.915800573,1-sigma propagated from slope standard error,Run46_analysis.png,ok
Run47.mca,29.208,10/14/2025 17:57,45944.75,10/14/2025,5:57:22 PM,10.001376,9.84 x 1.0164,1019,248,1024,129.1646533,137.027085,177.3875674,23,0.999171233,2.07E-05,0.004759815,0.012272077,7.71E-05,-0.012272077,7.71E-05,-3.998781991,0.012134776,-81.48579999,0.512116213,1-sigma propagated from slope standard error,Run47_analysis.png,ok
Run48.mca,180,10/15/2025 11:23,45945.47,10/15/2025,11:23:29 AM,10.001376,9.84 x 1.0164,3370,3381,1024,149.0828135,170.0492979,191.0157823,40,0.300593625,0.173613068,0.427493389,-0.043600985,0.010788956,0.043600985,0.010788956,5.689266579,1.948223587,22.93526177,5.675273736,1-sigma propagated from slope standard error,Run48_analysis.png,ok
Run49.mca,120,10/15/2025 11:27,45945.48,10/15/2025,11:27:58 AM,10.001376,9.84 x 1.0164,2165,2175,1024,149.6069756,214.0789151,238.7145342,34,0.136626568,0.20827669,0.470418945,-0.022955773,0.01020114,0.022955773,0.01020114,2.907626985,2.308241415,43.56202625,19.35819428,1-sigma propagated from slope standard error,Run49_analysis.png,ok
Run50.mca,120,10/15/2025 11:32,45945.48,10/15/2025,11:32:00 AM,10.001376,9.84 x 1.0164,1881,1884,1024,128.1163291,194.684917,220.8930225,43,0.21163942,0.185887469,0.441537258,-0.029174384,0.008793746,0.029174384,0.008793746,3.667206219,1.826769735,34.27664534,10.33167061,1-sigma propagated from slope standard error,Run50_analysis.png,ok
Run51.mca,120,10/15/2025 11:37,45945.48,10/15/2025,11:37:26 AM,10.001376,9.84 x 1.0164,1796,1796,1024,143.8411924,197.3057276,230.3279405,48,0.139361446,0.236259718,0.496519767,-0.020685384,0.007579207,0.020685384,0.007579207,2.0153893,1.611810346,48.34331377,17.71318165,1-sigma propagated from slope standard error,Run51_analysis.png,ok
Run52.mca,120,10/15/2025 11:42,45945.49,10/15/2025,11:42:50 AM,10.001376,9.84 x 1.0164,1925,1931,1024,149.0828135,215.6514014,236.6178858,35,0.211505092,0.184169625,0.441963144,-0.03553606,0.011944042,0.03553606,0.011944042,5.732016437,2.702709903,28.14043008,9.458293646,1-sigma propagated from slope standard error,Run52_analysis.png,ok
Run53.mca,120,10/15/2025 12:03,45945.50,10/15/2025,12:03:14 PM,10.001376,9.84 x 1.0164,54,54,1024,,15.94563769,195.7332412,45,0.602499749,0.113522527,0.344677596,0.008221685,0.001018397,-0.008221685,0.001018397,-4.889949966,0.093685351,-121.6295615,15.06590353,1-sigma propagated from slope standard error,Run53_analysis.png,ok
Run54.mca,120,10/15/2025 12:11,45945.51,10/15/2025,12:11:30 PM,10.001376,9.84 x 1.0164,165,168,1024,146.462003,177.3875674,196.7815655,5,0.99918618,3.65E-06,0.002466542,0.010039554,0.000165423,-0.010039554,0.000165423,-5.022855586,0.030889681,-99.60601514,1.641216971,1-sigma propagated from slope standard error,Run54_analysis.png,ok
Run55.mca,120,10/15/2025 12:16,45945.51,10/15/2025,12:16:24 PM,10.001376,9.84 x 1.0164,601,605,1024,143.3170303,185.2499991,210.9339424,18,0.998830805,6.98E-06,0.002802458,0.009256871,7.92E-05,-0.009256871,7.92E-05,-4.873715737,0.015507129,-108.027867,0.92400283,1-sigma propagated from slope standard error,Run55_analysis.png,ok
Run56.mca,120,10/15/2025 12:21,45945.52,10/15/2025,12:21:57 PM,10.001376,9.84 x 1.0164,1328,1336,1024,144.3653545,205.6923213,231.3762647,26,0.127770853,0.191520726,0.455500589,-0.020972127,0.011185007,0.020972127,0.011185007,2.112859619,2.457206417,47.68233649,25.4302897,1-sigma propagated from slope standard error,Run56_analysis.png,ok
Run57.mca,120,10/15/2025 12:26,45945.52,10/15/2025,12:26:59 PM,10.001376,9.84 x 1.0164,1830,1834,1024,149.6069756,172.6701084,195.2090791,39,0.294796983,0.163359439,0.414957442,-0.038514841,0.009793159,0.038514841,0.009793159,4.78458996,1.79961533,25.96401763,6.601864356,1-sigma propagated from slope standard error,Run57_analysis.png,ok
Run58.mca,120,10/15/2025 12:32,45945.52,10/15/2025,12:32:48 PM,10.001376,9.84 x 1.0164,2654,2654,1024,138.5995713,203.0715108,237.66621,55,0.271475964,0.203244291,0.459253619,-0.026866045,0.006045358,0.026866045,0.006045358,3.887218937,1.326971285,37.22170526,8.375574027,1-sigma propagated from slope standard error,Run58_analysis.png,ok
Run59.mca,17.148,10/15/2025 12:38,45945.53,10/15/2025,12:38:05 PM,10.001376,9.84 x 1.0164,14,2,1024,,64.16855176,135.4545987,2,1,9.86E-32,,0.013718794,,-0.013718794,,-3.674370122,,-72.89270592,,1-sigma propagated from slope standard error,Run59_analysis.png,ok
Run61.mca,119.28,10/15/2025 13:04,45945.54,10/15/2025,1:04:30 PM,10.001376,9.84 x 1.0164,168,167,1024,137.027085,143.3170303,227.7071299,12,0.9935396,0.000593164,0.026679524,0.010406791,0.000265371,-0.010406791,0.000265371,-5.115505555,0.047825286,-96.09109622,2.450305568,1-sigma propagated from slope standard error,Run61_analysis.png,ok
Run62.mca,120,10/15/2025 13:12,45945.55,10/15/2025,1:12:17 PM,10.001376,9.84 x 1.0164,651,654,1024,139.6478955,157.4694073,182.6291885,34,0.148510139,0.180847237,0.438349392,-0.024562572,0.01039706,0.024562572,0.01039706,1.250828509,1.755197586,40.7123487,17.23307811,1-sigma propagated from slope standard error,Run62_analysis.png,ok
Run63.mca,120,10/15/2025 13:18,45945.55,10/15/2025,1:18:30 PM,10.001376,9.84 x 1.0164,1386,1388,1024,141.2203819,201.4990244,230.8521026,39,0.134297399,0.155633185,0.405025665,-0.019000289,0.00793067,0.019000289,0.00793067,1.626148908,1.718199752,52.6307788,21.96794814,1-sigma propagated from slope standard error,Run63_analysis.png,ok
Run64.mca,120,10/15/2025 13:27,45945.56,10/15/2025,1:27:12 PM,10.001376,9.84 x 1.0164,2063,2067,1024,136.5029229,174.7667569,198.8782139,44,0.091659641,0.277741598,0.53941393,-0.024576629,0.011938037,0.024576629,0.011938037,2.357092472,2.228649028,40.68906221,19.76461071,1-sigma propagated from slope standard error,Run64_analysis.png,ok
Run65.mca,93.336,10/15/2025 13:33,45945.57,10/15/2025,1:33:47 PM,10.001376,9.84 x 1.0164,9,7,1024,,48.44368848,281.6958272,7,0.978295695,0.014813896,0.144011993,0.010655193,0.000709764,-0.010655193,0.000709764,-5.080236954,0.10257898,-93.85095105,6.251605171,1-sigma propagated from slope standard error,Run65_analysis.png,ok
Run66.mca,103.26,10/15/2025 13:42,45945.57,10/15/2025,1:42:38 PM,10.001376,9.84 x 1.0164,86,74,1024,133.3579502,157.9935694,241.3353448,12,0.815348328,0.026353632,0.177832388,0.012234575,0.00184117,-0.012234575,0.00184117,-5.286362045,0.372696713,-81.73557612,12.30031287,1-sigma propagated from slope standard error,Run66_analysis.png,ok
Run67.mca,20.004,10/15/2025 13:49,45945.58,10/15/2025,1:49:23 PM,10.001376,9.84 x 1.0164,6,1,1024,,,,,,,,,,,,,,,,,Run67_analysis.png,not enough positive data for fitting
Run68.mca,120,10/15/2025 13:57,45945.58,10/15/2025,1:57:35 PM,10.001376,9.84 x 1.0164,1599,1602,1024,138.0754092,214.0789151,249.7219385,34,0.201074963,0.134470441,0.377987888,-0.017259178,0.006081618,0.017259178,0.006081618,1.583624438,1.416220812,57.94018557,20.41638795,1-sigma propagated from slope standard error,Run68_analysis.png,ok
Run69.mca,120,10/15/2025 14:05,45945.59,10/15/2025,2:05:22 PM,10.001376,9.84 x 1.0164,880,885,1024,131.7854639,199.402376,240.2870206,29,0.998523527,1.35E-05,0.003810244,0.007911706,5.85E-05,-0.007911706,5.85E-05,-4.597195051,0.012788692,-126.3949977,0.935365921,1-sigma propagated from slope standard error,Run69_analysis.png,ok
Run70.mca,120,10/15/2025 14:12,45945.59,10/15/2025,2:12:30 PM,10.001376,9.84 x 1.0164,209,210,1024,148.0344893,154.8485967,216.6997256,14,0.995002839,0.000196479,0.015140185,0.010103767,0.000206701,-0.010103767,0.000206701,-5.052950719,0.036296515,-98.97298799,2.024769498,1-sigma propagated from slope standard error,Run70_analysis.png,ok
Run71.mca,113.244,10/15/2025 14:22,45945.60,10/15/2025,2:22:04 PM,10.001376,9.84 x 1.0164,71,67,1024,145.4136787,163.2351905,239.7628584,7,0.994986935,0.000397165,0.023580302,0.009130065,0.000289822,-0.009130065,0.000289822,-4.820632038,0.057659563,-109.528244,3.476835279,1-sigma propagated from slope standard error,Run71_analysis.png,ok
Run72.mca,120,10/15/2025 14:31,45945.61,10/15/2025,2:31:19 PM,10.001376,9.84 x 1.0164,63,63,1024,132.309626,157.9935694,246.0528038,4,0.992592191,0.00071145,0.037721359,0.008986812,0.000548972,-0.008986812,0.000548972,-4.860507944,0.106898974,-111.2741694,6.797337332,1-sigma propagated from slope standard error,Run72_analysis.png,ok
Run73.mca,120,10/15/2025 14:40,45945.61,10/15/2025,2:40:15 PM,10.001376,9.84 x 1.0164,294,296,1024,147.5103272,164.2835147,244.4803174,19,0.992888135,0.000284054,0.017817755,0.008996122,0.00018466,-0.008996122,0.00018466,-4.840650563,0.035271181,-111.1590047,2.281717066,1-sigma propagated from slope standard error,Run73_analysis.png,ok
Run74.mca,120,10/15/2025 14:49,45945.62,10/15/2025,2:49:13 PM,10.001376,9.84 x 1.0164,983,987,1024,129.1646533,185.7741612,209.3614561,28,0.093863164,0.12125177,0.361356927,-0.016335703,0.009954065,0.016335703,0.009954065,0.494945334,1.962014967,61.21560852,37.301371,1-sigma propagated from slope standard error,Run74_analysis.png,ok
Run75.mca,120,10/15/2025 14:56,45945.62,10/15/2025,2:56:07 PM,10.001376,9.84 x 1.0164,1950,1958,1024,149.6069756,167.9526494,189.967458,40,0.162848405,0.288911537,0.551468411,-0.035712305,0.013135191,0.035712305,0.013135191,4.115546671,2.352979055,28.00155334,10.29913201,1-sigma propagated from slope standard error,Run75_analysis.png,ok
Run76.mca,75,10/15/2025 15:04,45945.63,10/15/2025,3:04:21 PM,10.001376,9.84 x 1.0164,32,20,1024,,25.38055566,498.1747784,20,0.93271304,0.082605524,0.302958604,0.007204465,0.000456097,-0.007204465,0.000456097,-4.480920071,0.111391672,-138.8028034,8.787258717,1-sigma propagated from slope standard error,Run76_analysis.png,ok
Run77.mca,72.924,10/15/2025 15:11,45945.63,10/15/2025,3:11:37 PM,10.001376,9.84 x 1.0164,1736,1055,1024,149.0828135,178.9600537,206.7406455,26,0.148659462,0.149229285,0.402075936,-0.018882276,0.009223677,0.018882276,0.009223677,1.460425756,1.794654759,52.95971756,25.86993979,1-sigma propagated from slope standard error,Run77_analysis.png,ok
Run78.mca,116.28,10/15/2025 15:20,45945.64,10/15/2025,3:20:36 PM,10.001376,9.84 x 1.0164,1097,1063,1024,139.6478955,172.6701084,197.8298897,35,0.08880906,0.184124854,0.44190942,-0.017105996,0.009538223,0.017105996,0.009538223,0.465313167,1.760827186,58.45903349,32.59648124,1-sigma propagated from slope standard error,Run78_analysis.png,ok
Run79.mca,118.008,10/15/2025 15:27,45945.64,10/15/2025,3:27:59 PM,10.001376,9.84 x 1.0164,5548,5456,1024,134.4062744,138.0754092,231.9004268,180,0.123586985,0.195383208,0.444498059,-0.006094454,0.001216446,0.006094454,0.001216446,-0.263768656,0.227453666,164.0836193,32.75090213,1-sigma propagated from slope standard error,Run79_analysis.png,ok
Run80.mca,119.436,10/15/2025 15:36,45945.65,10/15/2025,3:36:28 PM,10.001376,9.84 x 1.0164,30539,30399,1024,138.5995713,140.6962197,249.1977764,208,0.59301369,0.040911891,0.203246387,-0.007757717,0.000447773,0.007757717,0.000447773,1.824366134,0.088422244,128.9039068,7.440292517,1-sigma propagated from slope standard error,Run80_analysis.png,ok
Run81.mca,120,10/15/2025 15:44,45945.66,10/15/2025,3:44:36 PM,10.001376,9.84 x 1.0164,22434,22459,1024,76.22428028,129.1646533,249.7219385,231,0.592539676,0.107627417,0.329495667,-0.011318649,0.000620241,0.011318649,0.000620241,1.871829055,0.119483796,88.34976474,4.841407088,1-sigma propagated from slope standard error,Run81_analysis.png,ok
Run82.mca,120,10/15/2025 15:57,45945.66,10/15/2025,3:57:30 PM,10.001376,9.84 x 1.0164,9584,9615,1024,75.70011817,88.2800088,249.7219385,273,0.681299924,0.145212353,0.382470955,-0.01280381,0.000531957,0.01280381,0.000531957,0.618332195,0.08869961,78.10175176,3.244875535,1-sigma propagated from slope standard error,Run82_analysis.png,ok
Run83.mca,120,10/15/2025 16:06,45945.67,10/15/2025,4:06:02 PM,10.001376,9.84 x 1.0164,812,821,1024,76.22428028,142.7928682,190.4916202,21,0.636888928,0.041368124,0.213828585,0.019529567,0.003383013,-0.019529567,0.003383013,-6.537290548,0.549987767,-51.20441192,8.869894986,1-sigma propagated from slope standard error,Run83_analysis.png,ok
Run100.mca,118.668,10/23/2025 3:21,45953.14,10/23/2025,3:21:26 AM,9.993504,9.84 x 1.0156,2438,2411,1024,119.2055733,194.684917,222.9896709,38,0.236729996,0.156117925,0.405944753,-0.025946794,0.007765062,0.025946794,0.007765062,3.018125557,1.621044652,38.54040659,11.53393485,1-sigma propagated from slope standard error,Run100_analysis.png,ok
Run101.mca,118.932,10/23/2025 3:32,45953.15,10/23/2025,3:32:42 AM,9.993504,9.84 x 1.0156,7439,7373,1024,107.6740069,110.2948174,229.2796163,227,0.436634676,0.182406929,0.428985226,-0.010939352,0.000828393,0.010939352,0.000828393,0.454794785,0.143301978,91.41309657,6.92234286,1-sigma propagated from slope standard error,Run101_analysis.png,ok
Run102.mca,118.908,10/23/2025 3:43,45953.16,10/23/2025,3:43:35 AM,9.993504,9.84 x 1.0156,7513,7445,1024,107.1498447,109.2464932,249.7219385,256,0.437359079,0.187559008,0.434782532,-0.009502747,0.000676284,0.009502747,0.000676284,0.213959017,0.122821172,105.2327344,7.489116412,1-sigma propagated from slope standard error,Run102_analysis.png,ok
Run103.mca,118.488,10/23/2025 3:55,45953.16,10/23/2025,3:55:57 AM,9.993504,9.84 x 1.0156,6854,6768,1024,102.9565479,105.0531963,249.1977764,262,0.386408384,0.23539974,0.487042613,-0.009426005,0.000736644,0.009426005,0.000736644,0.052917018,0.131850195,106.0894808,8.290907843,1-sigma propagated from slope standard error,Run103_analysis.png,ok
Run104.mca,114.06,10/23/2025 4:16,45953.18,10/23/2025,4:16:33 AM,9.993504,9.84 x 1.0156,767,729,1024,135.4545987,142.2687061,180.008378,21,0.998869211,2.28E-05,0.005016029,0.012064157,9.31E-05,-0.012064157,9.31E-05,-5.327319391,0.015059469,-82.89016898,0.639827072,1-sigma propagated from slope standard error,Run104_analysis.png,ok
Run105.mca,115.056,10/23/2025 4:22,45953.18,10/23/2025,4:22:20 AM,9.993504,9.84 x 1.0156,1822,1747,1024,80.41757716,147.5103272,231.3762647,26,0.57351623,0.035929139,0.19728972,0.011107026,0.001955107,-0.011107026,0.001955107,-5.133264134,0.33255527,-90.03309944,15.84801884,1-sigma propagated from slope standard error,Run105_analysis.png,ok
Run106.mca,117.792,10/23/2025 4:31,45953.19,10/23/2025,4:31:44 AM,9.993504,9.84 x 1.0156,3917,3845,1024,92.99746778,109.2464932,230.3279405,176,0.292864552,0.248938456,0.50179659,-0.010357662,0.001220127,0.010357662,0.001220127,-0.694660448,0.196612004,96.54688181,11.37316992,1-sigma propagated from slope standard error,Run106_analysis.png,ok
Run107.mca,118.86,10/23/2025 4:41,45953.20,10/23/2025,4:41:14 AM,9.993504,9.84 x 1.0156,6468,6407,1024,116.0606006,118.157249,249.7219385,225,0.382913381,0.214117791,0.464799021,-0.010003729,0.000850418,0.010003729,0.000850418,-0.017468299,0.154886197,99.96271956,8.49783755,1-sigma propagated from slope standard error,Run107_analysis.png,ok
Run108.mca,118.884,10/23/2025 4:51,45953.20,10/23/2025,4:51:16 AM,9.993504,9.84 x 1.0156,7524,7454,1024,129.1646533,131.7854639,247.6252901,217,0.363161553,0.204972099,0.45483933,-0.010287208,0.000929058,0.010287208,0.000929058,0.386836234,0.177986637,97.20810268,8.779058465,1-sigma propagated from slope standard error,Run108_analysis.png,ok
Run109.mca,96.936,10/23/2025 5:04,45953.21,10/23/2025,5:04:16 AM,9.993504,9.84 x 1.0156,1478,1194,1024,121.3022217,154.8485967,177.3875674,30,0.080439715,0.254490998,0.522177102,-0.022885133,0.014622757,0.022885133,0.014622757,1.224076493,2.421273347,43.69649124,27.92044856,1-sigma propagated from slope standard error,Run109_analysis.png,ok
Run110.mca,114.42,10/23/2025 5:22,45953.22,10/23/2025,5:22:29 AM,9.993504,9.84 x 1.0156,731,697,1024,86.18336036,138.5995713,196.2574034,19,0.997700568,9.48E-05,0.010292419,0.01166719,0.000135848,-0.01166719,0.000135848,-5.273046155,0.021879407,-85.71043925,0.997974448,1-sigma propagated from slope standard error,Run110_analysis.png,ok
Run111.mca,115.212,10/23/2025 5:28,45953.23,10/23/2025,5:28:55 AM,9.993504,9.84 x 1.0156,2104,2020,1024,88.80417091,115.0122764,138.0754092,38,0.246521565,0.235241857,0.498307986,-0.042134426,0.012277043,0.042134426,0.012277043,2.22636853,1.547230038,23.7335617,6.915436895,1-sigma propagated from slope standard error,Run111_analysis.png,ok
Run112.mca,117.24,10/23/2025 5:34,45953.23,10/23/2025,5:34:54 AM,9.993504,9.84 x 1.0156,4137,4042,1024,88.80417091,91.42498146,229.2796163,210,0.456405079,0.203976758,0.453804002,-0.011946981,0.000904043,0.011946981,0.000904043,-0.451411612,0.137409357,83.7031564,6.333920796,1-sigma propagated from slope standard error,Run112_analysis.png,ok
Run113.mca,119.076,10/23/2025 5:42,45953.24,10/23/2025,5:42:31 AM,9.993504,9.84 x 1.0156,6495,6445,1024,107.6740069,109.7706553,249.7219385,250,0.414252923,0.209592533,0.459655083,-0.009857885,0.000744355,0.009857885,0.000744355,-0.010415769,0.134068041,101.4416379,7.659716344,1-sigma propagated from slope standard error,Run113_analysis.png,ok
Run114.mca,119.04,10/23/2025 5:48,45953.24,10/23/2025,5:48:38 AM,9.993504,9.84 x 1.0156,4626,4589,1024,123.9230322,126.0196807,249.7219385,220,0.213257639,0.253041077,0.505334102,-0.00749127,0.000974521,0.00749127,0.000974521,-0.561618544,0.183413241,133.488717,17.36521966,1-sigma propagated from slope standard error,Run114_analysis.png,ok
Run115.mca,115.776,10/23/2025 5:57,45953.25,10/23/2025,5:57:25 AM,9.993504,9.84 x 1.0156,142,137,1024,140.6962197,144.3653545,237.66621,15,0.991749536,0.00074194,0.029258932,0.01014635,0.000256671,-0.01014635,0.000256671,-5.040164743,0.046143846,-98.55760754,2.493197345,1-sigma propagated from slope standard error,Run115_analysis.png,ok
Run116.mca,104.52,10/23/2025 6:07,45953.25,10/23/2025,6:07:02 AM,9.993504,9.84 x 1.0156,279,243,1024,142.7928682,175.290919,228.7554541,12,0.996303255,9.58E-05,0.010719294,0.008985882,0.000173091,-0.008985882,0.000173091,-4.691830548,0.033877643,-111.2856807,2.143646949,1-sigma propagated from slope standard error,Run116_analysis.png,ok
Run117.mca,113.712,10/23/2025 6:14,45953.26,10/23/2025,6:14:51 AM,9.993504,9.84 x 1.0156,248,235,1024,137.027085,174.7667569,214.0789151,12,0.99740151,3.37E-05,0.006357233,0.009508537,0.000153476,-0.009508537,0.000153476,-4.871968011,0.029407091,-105.1686452,1.697507751,1-sigma propagated from slope standard error,Run117_analysis.png,ok
Run118.mca,118.764,10/23/2025 6:26,45953.27,10/23/2025,6:26:55 AM,9.993504,9.84 x 1.0156,7581,7503,1024,98.76325099,100.8598994,246.5769659,260,0.463130416,0.17920395,0.424962502,-0.009576642,0.000641928,0.009576642,0.000641928,0.146412563,0.11221156,104.4207312,6.999380849,1-sigma propagated from slope standard error,Run118_analysis.png,ok
Run119.mca,117.996,10/23/2025 6:34,45953.27,10/23/2025,6:34:40 AM,9.993504,9.84 x 1.0156,5288,5200,1024,93.52162989,95.61827833,249.7219385,250,0.478301763,0.177486384,0.422986674,-0.009659854,0.000640624,0.009659854,0.000640624,-0.402238519,0.108173036,103.5212349,6.865343904,1-sigma propagated from slope standard error,Run119_analysis.png,ok
Run120.mca,116.46,10/23/2025 6:47,45953.28,10/23/2025,6:47:42 AM,9.993504,9.84 x 1.0156,2476,2403,1024,95.09411622,123.3988701,144.3653545,37,0.227075995,0.163602735,0.415874336,-0.036041551,0.011239636,0.036041551,0.011239636,1.831843351,1.500612284,27.74575406,8.652573462,1-sigma propagated from slope standard error,Run120_analysis.png,ok
Run121.mca,115.02,10/23/2025 6:55,45953.29,10/23/2025,6:55:47 AM,9.993504,9.84 x 1.0156,987,946,1024,149.0828135,161.6627041,196.2574034,17,0.998845004,1.43E-05,0.004029116,0.010582627,9.29E-05,-0.010582627,9.29E-05,-5.082108529,0.016705507,-94.49449293,0.829663733,1-sigma propagated from slope standard error,Run121_analysis.png,ok
Run122.mca,114.864,10/24/2025 2:07,45954.09,10/24/2025,2:07:21 AM,9.993504,9.84 x 1.0156,1169,1119,1024,84.61087403,89.32833302,130.7371397,69,0.204208862,0.229729218,0.486401898,-0.020073291,0.004841093,0.020073291,0.004841093,-1.151523552,0.52896081,49.81744057,12.01451564,1-sigma propagated from slope standard error,Run122_analysis.png,ok
Run123.mca,117.396,10/24/2025 2:15,45954.09,10/24/2025,2:15:30 AM,9.993504,9.84 x 1.0156,3367,3294,1024,100.3357373,102.9565479,192.5882686,130,0.307660681,0.265373058,0.519152687,-0.014733667,0.001953572,0.014733667,0.001953572,-0.506661606,0.275676852,67.87176385,8.999277648,1-sigma propagated from slope standard error,Run123_analysis.png,ok
Run124.mca,118.056,10/24/2025 2:27,45954.10,10/24/2025,2:27:27 AM,9.993504,9.84 x 1.0156,5936,5840,1024,94.045792,98.23908888,249.7219385,243,0.552558732,0.168286748,0.41192635,-0.011444417,0.000663382,0.011444417,0.000663382,0.021225922,0.111838945,87.378849,5.064966692,1-sigma propagated from slope standard error,Run124_analysis.png,ok
Run125.mca,119.028,10/24/2025 2:42,45954.11,10/24/2025,2:42:09 AM,9.993504,9.84 x 1.0156,8882,8810,1024,103.48071,111.8673037,249.7219385,257,0.48364809,0.189528603,0.437052745,-0.010628373,0.000687709,0.010628373,0.000687709,0.574432197,0.126431127,94.08777796,6.087952805,1-sigma propagated from slope standard error,Run125_analysis.png,ok
Run126.mca,41.544,10/24/2025 2:55,45954.12,10/24/2025,2:55:39 AM,9.993504,9.84 x 1.0156,78,27,1024,,14.37315136,492.9331573,25,0.87425561,0.101517031,0.332181576,0.006739586,0.00053296,-0.006739586,0.00053296,-3.812816508,0.090477508,-148.3770643,11.73351008,1-sigma propagated from slope standard error,Run126_analysis.png,ok
Run127.mca,41.7,10/24/2025 3:24,45954.14,10/24/2025,3:24:57 AM,9.993504,9.84 x 1.0156,118,41,1024,127.592167,169.5251358,200.4507002,5,0.998203037,1.86E-05,0.005571885,0.010015711,0.000245347,-0.010015711,0.000245347,-3.963342941,0.045313384,-99.84313793,2.445781605,1-sigma propagated from slope standard error,Run127_analysis.png,ok
Run128.mca,12.348,10/24/2025 3:43,45954.16,10/24/2025,3:43:13 AM,9.993504,9.84 x 1.0156,593,61,1024,,12.27650292,132.309626,37,0.00020081,0.270287395,0.534539417,0.000218261,0.002603197,-0.000218261,0.002603197,-2.08077498,0.137810992,-4581.660676,54645.30751,1-sigma propagated from slope standard error,Run128_analysis.png,ok
Run129.mca,60.204,10/24/2025 4:01,45954.17,10/24/2025,4:01:24 AM,9.993504,9.84 x 1.0156,584,293,1024,143.8411924,193.1124307,239.7628584,18,0.998522201,2.63E-05,0.005443547,0.008019082,7.71E-05,-0.008019082,7.71E-05,-3.933489993,0.016829259,-124.7025538,1.199345191,1-sigma propagated from slope standard error,Run129_analysis.png,ok
Run130.mca,117.576,10/24/2025 4:11,45954.17,10/24/2025,4:11:13 AM,9.993504,9.84 x 1.0156,175343,171895,1024,115.0122764,119.7297354,247.6252901,245,0.940290019,0.010571225,0.103238708,-0.011006079,0.000177919,0.011006079,0.000177919,3.905741795,0.033338651,90.85887723,1.468780108,1-sigma propagated from slope standard error,Run130_analysis.png,ok
Run131.mca,117.828,10/24/2025 4:27,45954.19,10/24/2025,4:27:48 AM,9.993504,9.84 x 1.0156,149177,146548,1024,111.3431416,113.4397901,249.7219385,261,0.958286689,0.017128458,0.131380076,-0.015883902,0.000205919,0.015883902,0.000205919,4.341419899,0.038265121,62.9568207,0.816173541,1-sigma propagated from slope standard error,Run131_analysis.png,ok
Run132.mca,118.68,10/24/2025 4:37,45954.19,10/24/2025,4:37:25 AM,9.993504,9.84 x 1.0156,84187,83287,1024,94.045792,96.66660255,219.8446983,236,0.937737294,0.053788432,0.232912349,-0.025205072,0.000424574,0.025205072,0.000424574,4.701081728,0.06888053,39.67455482,0.668309346,1-sigma propagated from slope standard error,Run132_analysis.png,ok
Run133.mca,118.752,10/24/2025 4:51,45954.20,10/24/2025,4:51:44 AM,9.993504,9.84 x 1.0156,12183,12057,1024,75.70011817,80.41757716,127.592167,91,0.8790752,0.031793632,0.180300016,-0.034916864,0.001372729,0.034916864,0.001372729,2.821338392,0.14401617,28.63945646,1.125937913,1-sigma propagated from slope standard error,Run133_analysis.png,ok
Run134.mca,119.028,10/24/2025 5:28,45954.23,10/24/2025,5:28:34 AM,9.993504,9.84 x 1.0156,9344,9269,1024,106.1015205,108.198169,248.6736143,263,0.485679292,0.193418385,0.441475388,-0.010624901,0.000676779,0.010624901,0.000676779,0.589504498,0.122955229,94.11852424,5.995108775,1-sigma propagated from slope standard error,Run134_analysis.png,ok
Run135.mca,118.704,10/24/2025 5:32,45954.23,10/24/2025,5:32:53 AM,9.993504,9.84 x 1.0156,4339,4292,1024,105.0531963,107.1498447,239.2386963,235,0.35196197,0.184782218,0.431703986,-0.008532533,0.000758494,0.008532533,0.000758494,-0.531310062,0.131649742,117.1984921,10.41828995,1-sigma propagated from slope standard error,Run135_analysis.png,ok
Run136.mca,119.052,10/24/2025 5:38,45954.23,10/24/2025,5:38:03 AM,9.993504,9.84 x 1.0156,13624,13517,1024,108.7223311,110.8189795,246.5769659,260,0.595881889,0.130677104,0.362891313,-0.011157851,0.000572064,0.011157851,0.000572064,1.110855639,0.104674738,89.62299437,4.594980379,1-sigma propagated from slope standard error,Run136_analysis.png,ok
Run137.mca,118.896,10/24/2025 6:00,45954.25,10/24/2025,6:00:41 AM,9.993504,9.84 x 1.0156,25121,24891,1024,106.1015205,108.198169,248.1494522,268,0.684629983,0.072468839,0.270210506,-0.009781076,0.000407032,0.009781076,0.000407032,1.479804326,0.074376959,102.2382393,4.254561311,1-sigma propagated from slope standard error,Run137_analysis.png,ok
Run138.mca,118.98,10/24/2025 6:05,45954.25,10/24/2025,6:05:40 AM,9.993504,9.84 x 1.0156,33346,33067,1024,106.1015205,108.198169,248.1494522,268,0.736259173,0.057407895,0.240498509,-0.009872013,0.000362275,0.009872013,0.000362275,1.841183429,0.066198565,101.2964636,3.717292954,1-sigma propagated from slope standard error,Run138_analysis.png,ok
Run139.mca,118.8,10/24/2025 6:09,45954.26,10/24/2025,6:09:42 AM,9.993504,9.84 x 1.0156,40866,40462,1024,117.6330869,119.7297354,249.7219385,249,0.781482304,0.044244673,0.211194056,-0.01055786,0.000355231,0.01055786,0.000355231,2.193070039,0.066971367,94.71616039,3.18683325,1-sigma propagated from slope standard error,Run139_analysis.png,ok
Run140.mca,118.632,10/24/2025 6:15,45954.26,10/24/2025,6:15:05 AM,9.993504,9.84 x 1.0156,51938,51354,1024,96.66660255,106.1015205,236.6178858,250,0.790465375,0.024890954,0.158403559,-0.008100704,0.00026484,0.008100704,0.00026484,2.015506641,0.046475509,123.4460613,4.035876534,1-sigma propagated from slope standard error,Run140_analysis.png,ok
Run141.mca,118.548,10/24/2025 6:19,45954.26,10/24/2025,6:19:17 AM,9.993504,9.84 x 1.0156,59523,58814,1024,116.5847627,118.6814112,241.3353448,235,0.821500968,0.02063294,0.144256879,-0.008666181,0.000264645,0.008666181,0.000264645,2.267022854,0.048558855,115.3910862,3.523775197,1-sigma propagated from slope standard error,Run141_analysis.png,ok
Run142.mca,118.368,10/24/2025 6:23,45954.27,10/24/2025,6:23:14 AM,9.993504,9.84 x 1.0156,67834,66929,1024,109.7706553,115.0122764,249.1977764,257,0.839399685,0.026334037,0.162912796,-0.009540367,0.000261327,0.009540367,0.000261327,2.520365696,0.048661841,104.817768,2.871135,1-sigma propagated from slope standard error,Run142_analysis.png,ok
Run143.mca,118.404,10/24/2025 6:28,45954.27,10/24/2025,6:28:08 AM,9.993504,9.84 x 1.0156,76281,75286,1024,111.8673037,113.9639522,247.101128,255,0.849732618,0.022298638,0.149916348,-0.009203142,0.000243314,0.009203142,0.000243314,2.587869091,0.04491813,108.6585466,2.872730237,1-sigma propagated from slope standard error,Run143_analysis.png,ok
Run144.mca,118.308,10/24/2025 6:38,45954.28,10/24/2025,6:38:09 AM,9.993504,9.84 x 1.0156,83423,82270,1024,112.3914658,115.5364385,248.1494522,254,0.867447701,0.019004852,0.138404062,-0.009176032,0.000225957,0.009176032,0.000225957,2.662316246,0.04199646,108.9795686,2.683593895,1-sigma propagated from slope standard error,Run144_analysis.png,ok
Run145.mca,118.152,10/24/2025 6:42,45954.28,10/24/2025,6:42:37 AM,9.993504,9.84 x 1.0156,95385,93950,1024,112.9156279,115.0122764,248.6736143,256,0.858375183,0.024796155,0.158086686,-0.010008049,0.000255073,0.010008049,0.000255073,2.928668485,0.047423813,99.91957659,2.546624023,1-sigma propagated from slope standard error,Run145_analysis.png,ok
Run146.mca,118.032,10/24/2025 6:56,45954.29,10/24/2025,6:56:30 AM,9.993504,9.84 x 1.0156,106016,104315,1024,110.2948174,115.0122764,249.7219385,258,0.871521146,0.021733212,0.14799663,-0.009835437,0.000236021,0.009835437,0.000236021,3.015466071,0.044017591,101.6731668,2.43985058,1-sigma propagated from slope standard error,Run146_analysis.png,ok
Run147.mca,117.9,10/24/2025 7:03,45954.29,10/24/2025,7:03:00 AM,9.993504,9.84 x 1.0156,117050,115041,1024,114.4881143,116.5847627,249.7219385,255,0.87656377,0.020208645,0.142717894,-0.009818094,0.000231631,0.009818094,0.000231631,3.108854659,0.043355159,101.8527617,2.402935505,1-sigma propagated from slope standard error,Run147_analysis.png,ok
Run148.mca,117.9,10/24/2025 7:07,45954.30,10/24/2025,7:07:17 AM,9.993504,9.84 x 1.0156,112309,110384,1024,107.1498447,109.2464932,248.6736143,267,0.897620447,0.016719062,0.129789226,-0.009476817,0.000196607,0.009476817,0.000196607,3.009912536,0.036070287,105.520663,2.189146468,1-sigma propagated from slope standard error,Run148_analysis.png,ok
Run149.mca,118.092,10/24/2025 7:11,45954.30,10/24/2025,7:11:59 AM,9.993504,9.84 x 1.0156,99100,97555,1024,121.8263838,123.9230322,248.6736143,239,0.893278369,0.016443686,0.128772865,-0.010258826,0.000230333,0.010258826,0.000230333,3.041063098,0.043711645,97.47704069,2.188572718,1-sigma propagated from slope standard error,Run149_analysis.png,ok
Run150.mca,118.308,10/24/2025 7:17,45954.30,10/24/2025,7:17:17 AM,9.993504,9.84 x 1.0156,86550,85354,1024,117.6330869,122.874708,246.5769659,237,0.85185237,0.022539859,0.150770315,-0.010039011,0.0002731,0.010039011,0.0002731,2.863403574,0.051390504,99.61140514,2.709819233,1-sigma propagated from slope standard error,Run150_analysis.png,ok
Run151.mca,118.32,10/24/2025 7:20,45954.31,10/24/2025,7:20:51 AM,9.993504,9.84 x 1.0156,76916,75858,1024,130.2129776,132.309626,249.7219385,225,0.823085134,0.025819117,0.161402225,-0.010180232,0.000316057,0.010180232,0.000316057,2.784187036,0.061323223,98.2295885,3.049647741,1-sigma propagated from slope standard error,Run151_analysis.png,ok
Run152.mca,118.404,10/24/2025 7:25,45954.31,10/24/2025,7:25:01 AM,9.993504,9.84 x 1.0156,67949,67059,1024,116.5847627,118.6814112,249.7219385,251,0.8454263,0.025640484,0.160768256,-0.00986025,0.000267189,0.00986025,0.000267189,2.566090474,0.050251856,101.41731,2.748162052,1-sigma propagated from slope standard error,Run152_analysis.png,ok
Run153.mca,118.5,10/24/2025 7:29,45954.31,10/24/2025,7:29:01 AM,9.993504,9.84 x 1.0156,59099,58370,1024,125.4955186,132.309626,248.6736143,223,0.834894405,0.027393007,0.16625555,-0.011030095,0.00032995,0.011030095,0.00032995,2.655858145,0.063831145,90.6610534,2.712000368,1-sigma propagated from slope standard error,Run153_analysis.png,ok
Run154.mca,118.524,10/24/2025 7:32,45954.31,10/24/2025,7:32:38 AM,9.993504,9.84 x 1.0156,51277,50654,1024,109.7706553,111.8673037,249.7219385,264,0.813721199,0.033325561,0.183248342,-0.009551444,0.000282333,0.009551444,0.000282333,2.239793744,0.05227546,104.696214,3.094740457,1-sigma propagated from slope standard error,Run154_analysis.png,ok
Run155.mca,118.86,10/24/2025 7:36,45954.32,10/24/2025,7:36:10 AM,9.993504,9.84 x 1.0156,42651,42252,1024,123.9230322,137.027085,249.7219385,216,0.73373081,0.050163352,0.22501593,-0.011375673,0.000468449,0.011375673,0.000468449,2.4119658,0.091870823,87.90688705,3.619996034,1-sigma propagated from slope standard error,Run155_analysis.png,ok
Run156.mca,118.848,10/24/2025 7:39,45954.32,10/24/2025,7:39:32 AM,9.993504,9.84 x 1.0156,35800,35460,1024,108.7223311,112.9156279,249.7219385,262,0.674473759,0.073576586,0.272291314,-0.009848866,0.000424336,0.009848866,0.000424336,1.913885091,0.078757651,101.5345353,4.374592303,1-sigma propagated from slope standard error,Run156_analysis.png,ok
Run157.mca,119.052,10/24/2025 7:43,45954.32,10/24/2025,7:43:24 AM,9.993504,9.84 x 1.0156,27901,27682,1024,115.5364385,118.157249,244.4803174,242,0.746804113,0.055648388,0.236879978,-0.011064064,0.000415847,0.011064064,0.000415847,1.861177254,0.076923152,90.38270577,3.397071518,1-sigma propagated from slope standard error,Run157_analysis.png,ok
Run158.mca,118.944,10/24/2025 7:46,45954.32,10/24/2025,7:46:48 AM,9.993504,9.84 x 1.0156,14632,14504,1024,110.8189795,115.5364385,249.1977764,255,0.580009529,0.146409428,0.384144263,-0.011631355,0.00062226,0.011631355,0.00062226,1.300282056,0.115870826,85.97450839,4.599510289,1-sigma propagated from slope standard error,Run158_analysis.png,ok
Run159.mca,118.728,10/24/2025 7:50,45954.33,10/24/2025,7:50:21 AM,9.993504,9.84 x 1.0156,8394,8305,1024,127.592167,129.6888154,249.7219385,227,0.367178688,0.200097806,0.449306636,-0.009853686,0.000862401,0.009853686,0.000862401,0.397976694,0.165765994,101.4848643,8.882021749,1-sigma propagated from slope standard error,Run159_analysis.png,ok
Run160.mca,118.92,10/24/2025 7:54,45954.33,10/24/2025,7:54:09 AM,9.993504,9.84 x 1.0156,15261,15125,1024,100.3357373,102.4323858,240.8111827,265,0.567785282,0.12405903,0.353556848,-0.010067895,0.00054165,0.010067895,0.00054165,1.02081113,0.095462366,99.32562411,5.343688567,1-sigma propagated from slope standard error,Run160_analysis.png,ok
Run161.mca,118.944,10/24/2025 7:57,45954.33,10/24/2025,7:57:53 AM,9.993504,9.84 x 1.0156,23506,23302,1024,112.9156279,115.0122764,248.6736143,256,0.625188321,0.076934257,0.278460121,-0.009247985,0.000449295,0.009247985,0.000449295,1.413796585,0.083534174,108.1316673,5.253360095,1-sigma propagated from slope standard error,Run161_analysis.png,ok
Run84.mca,118.584,10/23/2025 0:19,45953.01,10/23/2025,12:19:35 AM,9.993504,9.84 x 1.0156,11651,11514,1024,94.045792,98.23908888,247.101128,275,0.579281934,0.172357953,0.416678112,-0.011490122,0.000592644,0.011490122,0.000592644,0.764284964,0.10416965,87.03127858,4.48894856,1-sigma propagated from slope standard error,Run84_analysis.png,ok
Run85.mca,118.908,10/23/2025 0:30,45953.02,10/23/2025,12:30:32 AM,9.993504,9.84 x 1.0156,15071,14934,1024,114.4881143,117.6330869,247.6252901,246,0.653479027,0.13252203,0.365524659,-0.013306398,0.000620318,0.013306398,0.000620318,1.48345996,0.115330346,75.15182069,3.50343068,1-sigma propagated from slope standard error,Run85_analysis.png,ok
Run86.mca,117.216,10/23/2025 0:38,45953.03,10/23/2025,12:38:44 AM,9.993504,9.84 x 1.0156,200213,195707,1024,112.3914658,114.4881143,249.7219385,259,0.947397117,0.012082778,0.110348571,-0.011903457,0.000174963,0.011903457,0.000174963,4.140406447,0.032591021,84.00920552,1.234806931,1-sigma propagated from slope standard error,Run86_analysis.png,ok
Run87.mca,117,10/23/2025 0:47,45953.03,10/23/2025,12:47:03 AM,9.993504,9.84 x 1.0156,149668,146001,1024,112.9156279,121.3022217,249.7219385,246,0.939497685,0.011545059,0.107887397,-0.011375053,0.000184798,0.011375053,0.000184798,3.830549889,0.034965496,87.91168079,1.428202565,1-sigma propagated from slope standard error,Run87_analysis.png,ok
Run88.mca,117.984,10/23/2025 0:57,45953.04,10/23/2025,12:57:58 AM,9.993504,9.84 x 1.0156,8538,8395,1024,125.4955186,135.4545987,246.5769659,211,0.498703551,0.150064334,0.389230467,-0.012087663,0.000838292,0.012087663,0.000838292,1.233092381,0.161938643,82.72897554,5.737339998,1-sigma propagated from slope standard error,Run88_analysis.png,ok
Run89.mca,116.292,10/23/2025 1:02,45953.04,10/23/2025,1:02:20 AM,9.993504,9.84 x 1.0156,54372,52700,1024,112.9156279,118.6814112,249.7219385,251,0.852136554,0.029887922,0.17357415,-0.01092765,0.000288471,0.01092765,0.000288471,2.762674638,0.054254636,91.51098464,2.415735426,1-sigma propagated from slope standard error,Run89_analysis.png,ok
Run90.mca,117.528,10/23/2025 1:14,45953.05,10/23/2025,1:14:25 AM,9.993504,9.84 x 1.0156,86637,84873,1024,115.0122764,117.1089248,249.7219385,254,0.897454605,0.020184641,0.142635328,-0.01093587,0.000232865,0.01093587,0.000232865,3.215639579,0.043638698,91.44220117,1.947144748,1-sigma propagated from slope standard error,Run90_analysis.png,ok
Run91.mca,118.944,10/23/2025 1:24,45953.06,10/23/2025,1:24:10 AM,9.993504,9.84 x 1.0156,10512,10420,1024,98.23908888,108.198169,249.7219385,267,0.525352853,0.152934077,0.392540822,-0.010066419,0.000587776,0.010066419,0.000587776,0.628805645,0.10749187,99.3401894,5.80045333,1-sigma propagated from slope standard error,Run91_analysis.png,ok
Run92.mca,118.884,10/23/2025 2:16,45953.09,10/23/2025,2:16:21 AM,9.993504,9.84 x 1.0156,11024,10922,1024,126.5438428,128.6404912,249.7219385,227,0.477808659,0.209477518,0.459716804,-0.012613939,0.000879118,0.012613939,0.000879118,1.045053572,0.16815912,79.27737935,5.525172624,1-sigma propagated from slope standard error,Run92_analysis.png,ok
Run93.mca,118.632,10/23/2025 1:53,45953.08,10/23/2025,1:53:38 AM,9.993504,9.84 x 1.0156,9745,9634,1024,109.7706553,111.8673037,240.8111827,243,0.51802935,0.179004737,0.424841445,-0.011848921,0.000736213,0.011848921,0.000736213,0.692016776,0.132017439,84.395872,5.243796102,1-sigma propagated from slope standard error,Run93_analysis.png,ok
Run94.mca,117.456,10/23/2025 1:59,45953.08,10/23/2025,1:59:44 AM,9.993504,9.84 x 1.0156,8650,8467,1024,108.7223311,112.9156279,246.5769659,245,0.443014678,0.1874751,0.434762125,-0.010149092,0.000730024,0.010149092,0.000730024,0.407234407,0.132570731,98.53097839,7.087327081,1-sigma propagated from slope standard error,Run94_analysis.png,ok
Run95.mca,118.908,10/23/2025 2:34,45953.11,10/23/2025,2:34:22 AM,9.993504,9.84 x 1.0156,8797,8717,1024,102.4323858,104.5290342,246.5769659,268,0.50286545,0.171925112,0.416194404,-0.010207108,0.000622262,0.010207108,0.000622262,0.415268935,0.111656675,97.9709407,5.972656442,1-sigma propagated from slope standard error,Run95_analysis.png,ok
Run96.mca,118.956,10/23/2025 2:24,45953.10,10/23/2025,2:24:34 AM,9.993504,9.84 x 1.0156,7941,7872,1024,111.8673037,113.9639522,249.7219385,245,0.422564519,0.182708696,0.429199803,-0.009590108,0.00071916,0.009590108,0.00071916,0.252313352,0.131368378,104.2741111,7.819492688,1-sigma propagated from slope standard error,Run96_analysis.png,ok
Run97.mca,119.124,10/23/2025 2:53,45953.12,10/23/2025,2:53:54 AM,9.993504,9.84 x 1.0156,6915,6865,1024,111.3431416,118.157249,241.8595069,232,0.448987669,0.180292807,0.426451135,-0.010819359,0.000790317,0.010819359,0.000790317,0.450016167,0.144135839,92.42691932,6.75146486,1-sigma propagated from slope standard error,Run97_analysis.png,ok
Run98.mca,109.08,10/23/2025 3:05,45953.13,10/23/2025,3:05:12 AM,9.993504,9.84 x 1.0156,2100,1909,1024,128.1163291,196.7815655,224.5621573,35,0.205440652,0.112433477,0.345322497,-0.02136923,0.007315633,0.02136923,0.007315633,1.946690179,1.536336167,46.79625798,16.02042875,1-sigma propagated from slope standard error,Run98_analysis.png,ok
Run99.mca,19.632,10/23/2025 3:13,45953.13,10/23/2025,3:13:35 AM,9.993504,9.84 x 1.0156,55,9,1024,,12.80066503,169.0009737,8,0.687797679,0.07847411,0.323468927,0.008319752,0.00228835,-0.008319752,0.00228835,-3.051430287,0.148363739,-120.1958905,33.05991291,1-sigma propagated from slope standard error,Run99_analysis.png,ok
