Date,Time,Detector,Comments,Action,Gain,Run,CSD,Inj (A),Extr (A),Cent (A),Sext (A),Inj (T),Extr (T),Cent (T),Sext (T),Inj Pres (-7),Oxygen %,Xenon %,Extr HV,Extr I,Puller HV,Puller I,Bias V,Bias I,28 GHz,18 GHz,14 GHz,18 GHz refl,JYB Bmin (T),JYB Ts
5/20/2025,1:51:59 AM,CdTe,,,10,01,1:50:00,184.03,149.02,147.01,440,3.37,2.06,0.53,2.1,1.27,8.76,,19.99,6.807,2,0.149,43,14.73,2002,302,,1,,
5/20/2025,2:59:05 AM,,"no 18, only 28; overwrote",,10,,3:01:12,184.03,149.02,147.01,440,3.37,2.06,0.53,2.1,1.28,8.76,,19.99,5.352,2,0.125,43,12.51,1020,48,,0,,
5/20/2025,3:02:36 AM,,,changing 28 GHz,10,03,3:05:46,184.03,149.02,147.01,440,3.37,2.06,0.53,2.1,1.35,8.76,,19.99,7.09,2,0.191,43,15.73,1994,48,,0,,
5/20/2025,3:08:22 AM,,,,10,04,3:09:54,184.03,149.02,147.01,440,3.37,2.06,0.53,2.1,1.33,8.76,,19.99,7.509,2,0.137,43,15.89,3005,48,,0,,
5/20/2025,3:12:48 AM,,"also spreadsheet has sext = 460 instead of actual 440. does this matter?; on spreadsheet, min field at center is NOT at physical location of 0; the calculated T on K2 matches the min field on spreadsheet at location 0; so which one is correct",,10,05,3:14:06,184.03,149.02,147.01,440,3.37,2.06,0.53,2.1,1.41,8.76,,19.99,7.662,2,0.28,43,20.96,4021,48,,0,,
5/20/2025,3:17:48 AM,,,,10,06,3:19:55,184.03,149.02,147.01,440,3.37,2.06,0.53,2.1,1.29,8.76,,19.99,5.258,2,0.117,43,12.48,1007,48,,0,,
5/20/2025,3:26:59 AM,,,changing pressure,10,07,3:28:44,184.03,149.02,147.01,440,3.37,2.06,0.53,2.1,1.43,9.08,,19.99,7.271,2,0.224,43,16.36,2005,48,,0,,
5/20/2025,3:31:59 AM,,,,10,08,3:33:34,184.03,149.02,147.01,440,3.37,2.06,0.53,2.1,1.65,9.38,,19.99,8.178,2,0.484,43,17.83,1993,48,,0,,
5/20/2025,3:36:33 AM,,unstable plasma (too much O),,10,09,3:38:05,184.03,149.02,147.01,440,3.37,2.06,0.53,2.1,1.82,9.58,,19.99,9,2,0.666,43,19.9,1995,48,,0,,
5/20/2025,3:41:31 AM,,,,10,10,3:43:05,184.03,149.02,147.01,440,3.37,2.06,0.53,2.1,1.17,8.51,,19.99,6.45,2,0.079,43,14.05,1993,48,,0,,
5/20/2025,3:45:54 AM,,unstable plasma (too little O),,10,11,3:48:27,184.03,149.02,147.01,440,3.37,2.06,0.53,2.1,0.97,8.13,,19.99,5.01,2,0.015,43,11.36,2008,48,,0,,
5/20/2025,3:52:39 AM,,lowered bias,changing Bmin,10,12,3:55:03,184.03,149.02,147.01,440,3.37,2.06,0.53,2.1,1.36,7.83,,19.99,4.442,2,0.038,12,7.41,2002,47,,0,,
5/20/2025,4:22:07 AM,,,,10,13,4:23:45,184.03,149.03,150.97,440,3.36,2.05,0.5,2.1,1.39,8.73,,19.99,4.577,2,0.066,12,7.32,1996,48,,0,,
5/20/2025,4:36:32 AM,,,,10,14,4:36:22,184.03,149.03,155,440,3.36,2.04,0.48,2.1,1.41,8.73,,19.99,4.456,2,0.108,12,7.98,2009,48,,0,,
5/20/2025,4:53:31 AM,,"as Bmin drops, +3O increases, +7O decreases",,10,15,4:55:05,184.03,149.03,154.01,440,3.35,2.04,0.46,2.1,1.46,8.73,,19.99,4.095,2,0.066,12,8.01,2007,48,,0,,
5/20/2025,5:26:02 AM,,back to starting values,,10,16,5:27:34,184.03,149.03,147.01,440,3.37,2.06,0.53,2.1,1.43,8.73,,19.99,4.505,2,0.043,12,7.66,1995,47,,0,,
5/21/2025,1:25:28 AM,CdTe,,,10,17,1:31:13,135,105,102,300,2.48,1.46,0.41,1.43,0.87,11.03,,19.99,4.003,2,0.042,24,7.13,1996,50,,0,,
5/21/2025,1:57:21 AM,,,,10,18,2:03:32,135.07,105,105.98,300,2.47,1.46,0.38,1.43,0.85,11.03,,19.99,4.231,2,0.079,30,6.13,1999,51,,0,,
5/21/2025,2:07:15 AM,,,,10,19,2:10:47,135.03,105,110,300,2.47,1.45,0.35,1.43,0.88,11.03,,19.99,3.735,2,0.106,30,9.01,2006,50,,1,,
5/21/2025,2:16:17 AM,,"plot intensity of charge state as function of field (x), counts on y axis, each charge state different color, see where lines cross over, integrate total counts",,10,20,2:18:02,135,105,114.02,300,2.46,1.44,0.33,1.43,0.86,11.03,,19.99,4.2,2,0.084,30,8.16,1979,53,,1,,
5/21/2025,2:30:14 AM,,2D histogram,,10,21,2:32:00,135.12,105,97.99,300,2.49,1.47,0.43,1.43,0.84,11.03,,19.99,4.08,2,0.051,30,7.73,1991,49,,0,,
5/21/2025,2:35:49 AM,,,,10,22,2:38:01,134.93,105,94.03,300,2.49,1.48,0.46,1.43,0.89,11.98,,19.99,3.89,2,0.043,30,7.38,1997,49,,0,,
5/21/2025,2:47:29 AM,,,,10,23,2:49:26,134.9,105,90,300,2.5,1.49,0.49,1.43,0.87,11.98,,19.99,4.3,2,0.01,30,6.54,2001,49,,0,,
5/21/2025,2:51:46 AM,,,,10,24,2:54:33,135.16,105.01,85.99,299.99,2.51,1.5,0.51,1.43,0.92,11.98,,19.99,3.9,2,0.055,31,7,2001,49,,0,,
5/21/2025,3:19:02 AM,,unstable plasma; increasing sextupole field is increasing FCV1 value,changing sextupole,10,25,3:23:48,135.04,105,82.01,299.99,2.52,1.51,0.54,1.43,0.95,11.98,,19.99,4,2,0.03,31,8,2005,47,,0,,
5/21/2025,3:34:58 AM,,,,10,26,3:36:25,135,105,82.01,320,2.52,1.51,0.54,1.53,0.94,11.98,,19.99,3.9,2,0.041,30,8,1997,47,,0,,
5/21/2025,3:51:28 AM,,,,10,27,3:53:18,135,105,82.01,340,2.52,1.51,0.54,1.62,1.18,13.98,,19.99,3.88,2,0,10,5.07,2000,47,,0,,
5/21/2025,3:57:01 AM,,,,10,28,3:58:55,135,105,82.01,360,2.52,1.51,0.54,1.72,1.32,13.98,,19.99,4.25,2,0.01,10,6.41,2001,46,,0,,
5/21/2025,4:17:12 AM,,klystron tripped off,changing all magnets,10,29,4:18:44,144.92,114.83,92.01,360,2.7,1.61,0.56,1.72,1.53,13.98,,19.99,4.1,2,0.1,10,8,1998,0,,0,,
5/21/2025,4:34:04 AM,,"starved plasma; shift to lower charge states, almost no +6",,10,30,4:35:35,154.99,124.63,92.01,360.01,2.9,1.79,0.65,1.72,1.4,8.01,,19.99,2.005,2,0.006,14,3.82,2004,0,,0,,
5/21/2025,4:55:46 AM,,back to normal 6+ amount? weird,,10,31,4:57:40,155,125,102.02,360,2.88,1.78,0.59,1.72,1.3,8.78,,19.99,4.1,2,0.02,14,7.98,2003,0,,0,,
5/21/2025,5:01:40 AM,,,,10,32,5:03:19,155,125,102.02,380.19,2.88,1.78,0.59,1.81,1.32,8.78,,19.99,3.94,2,0.03,14,8,2008,0,,0,,
5/21/2025,5:14:01 AM,,,,10,33,5:15:58,155,125,102.01,400,2.88,1.78,0.59,1.91,1.33,8.78,,19.99,3.9,2,0.03,14,7,2010,0,,0,,
5/21/2025,5:24:47 AM,,,,10,34,5:27:03,155,125,102.02,420,2.88,1.78,0.59,2.01,1.31,8.78,,19.99,4,2,0.04,15,7,1997,0,,0,,
5/21/2025,5:40:45 AM,,so many counts!!,,10,35,5:42:18,155,125,102.01,440,2.88,1.78,0.59,2.1,1.32,8.78,,19.99,4.1,2,0.05,15,6.9,2003,0,,0,,
5/21/2025,5:57:51 AM,,,,10,36,5:59:26,165.04,135.18,102.02,440,3.08,1.93,0.68,2.1,1.4,8.78,,19.99,3.66,2,-0.004,14,6.7,1997,0,,0,,
5/21/2025,6:07:13 AM,,,,10,37,6:08:52,165.03,145.47,92.01,440.01,3.11,2.11,0.79,2.1,1.53,8.78,,19.99,3.4,2,0.01,14,7,1997,0,,0,,
5/21/2025,6:25:47 AM,,"gyrotron turned off bc I set center to 82 A, which was 0.9 T. condition is only good for <0.9 T. Set it to 84.5 A instead, had to run it back up to 2000 W",,10,38,6:27:29,165,152.42,84.51,440,3.12,2.22,0.87,2.1,1.77,8.78,,19.99,2.43,2,0.01,14,6,1988,0,,0,,
5/21/2025,6:33:19 AM,,,,10,39,6:34:49,165,149.04,87.99,440,3.12,2.17,0.84,2.1,1.47,8.78,,19.99,3.07,2,0,14,7,1996,0,,0,,
5/21/2025,6:37:08 AM,,,,10,40,6:38:43,164.85,149.02,98.33,440,3.09,2.14,0.77,2.1,1.43,8.78,,19.99,3.1,2,-0.002,14,6.88,2006,0,,0,,
5/21/2025,6:42:13 AM,,,,10,41,6:43:44,165.01,149.03,107.99,440,3.08,2.12,0.7,2.1,1.4,8.78,,19.99,3.4,2,-0.002,14,7.1,2010,0,,0,,
5/21/2025,6:48:31 AM,,,,10,42,6:49:14,165,149.03,117.99,440,3.06,2.1,0.64,2.1,1.4,8.78,,19.99,3.84,2,-0.006,14,7.2,1993,0,,0,,
5/21/2025,6:53:04 AM,,,,10,43,6:54:50,164.98,149.03,127.94,440.01,3.04,2.08,0.57,2.1,1.33,8.78,,19.99,3.9,2,0.005,14,6.69,2006,0,,0,,
5/21/2025,6:59:27 AM,,,,10,44,7:01:01,165.01,149.03,137.95,440,3.02,2.05,0.5,2.1,1.32,8.78,,19.99,4.153,2,0.05,14,7.6,2004,0,,0,,
5/21/2025,7:07:44 AM,,,,10,45,7:09:42,165,149.02,147.03,440,3.01,2.03,0.44,2.1,1.31,8.78,,19.99,4.3,2,0.096,14,7.82,2001,0,,0,,
7/9/25,7:37:39 PM,CdTe,,,10,01,19:44:52,165,110,140,360,2.99,1.49,0.31,1.72,2.2,8.3,,12.5,3.2,2,0.27,16,3.41,0,495,100,,,
7/9/25,7:50:14 PM,,,,10,02,19:52:06,165,110,140,360,2.99,1.49,0.31,1.72,2.37,8.31,,12.5,3.5,2,0.409,16,4.5,0,1000,100,,,
7/9/25,7:55:20 PM,,,,10,03,19:57:32,165,110,140,360,2.99,1.49,0.31,1.72,2.86,8.31,,12.5,3.54,2,0.36,12,4.85,0,1492,100,,,
7/9/25,8:03:19 PM,,,,10,04,20:02:46,165,110,140,360,2.99,1.49,0.31,1.72,3.33,8.31,,12.5,3.521,2,0.308,12,4.6,0,1785,99,,,
7/9/25,,,,,10,05,21:01:58,165,110,140,360,2.99,1.49,0.31,1.72,2.63,8.31,,12.5,2.04,2,0.085,13,0.5,47,0,1592,,,
7/9/25,9:14:32 PM,,,,10,06,21:16:23,165,110,140,360,2.99,1.49,0.31,1.72,3.35,8.31,,12.5,5.7,2,1.258,12,2.66,1498,0,1526,,,
7/9/25,9:21:08 PM,,,,10,07,21:23:06,165,110,140,360,2.99,1.49,0.31,1.72,2.66,8.31,,12.5,3.17,2,0.168,8,0.69,498,987,1500,,,
7/9/25,9:25:58 PM,,,,10,08,21:28:03,165,110,140,360,2.99,1.49,0.31,1.72,2.58,8.31,,12.5,3.365,2,0.189,8,0.47,995,506,1504,,,
7/9/25,9:30:18 PM,,,,10,09,21:32:38,165,110,140,360,2.99,1.49,0.31,1.72,2.55,8.31,,12.5,2.816,2,0.153,8,0.53,309,503,1491,,,
7/9/25,9:35:04 PM,,,,10,10,21:36:52,165,110,140,360,2.99,1.49,0.31,1.72,2.55,8.31,,12.5,276,2,0.14,8,0.36,495,302,1488,,,
7/9/25,9:39:19 PM,,,,10,11,21:41:24,165,110,140,360,2.99,1.49,0.31,1.72,2.77,8.31,,12.5,2.88,2,0.168,8,0.41,61,1476,1498,,,
7/9/25,9:44:50 PM,,plasma unstable,,10,12,21:47:37,165,110,140,360,2.99,1.49,0.31,1.72,2.58,8.31,,12.5,3.6,2,0.3,8,0,1009,1015,994,,,
7/9/25,9:48:55 PM,,,,10,13,21:50:56,165,110,140,360,2.99,1.49,0.31,1.72,2.59,8.31,,12.5,3.57,2,0.222,8,0.41,1504,506,991,,,
7/9/25,9:53:22 PM,,,,10,14,21:55:46,165,110,140,360,2.99,1.49,0.31,1.72,2.62,8.31,,12.5,3.36,2,0.24,8,0.59,502,1476,1009,,,
7/9/25,9:57:14 PM,,,,10,15,21:59:25,165,110,140,360,2.99,1.49,0.31,1.72,2.51,8.31,,12.5,2.9,2,0.17,8,0.44,253,763,997,,,
7/9/25,10:03:27 PM,,,,10,16,22:04:26,165,110,140,360,2.99,1.49,0.31,1.72,2.31,8.31,,12.5,3.19,2,0.144,8,0.03,747,252,1007,,,
7/9/25,10:10:14 PM,,,,10,17,22:11:47,165,110,140,360,2.99,1.49,0.31,1.72,2.4,8.31,,12.5,3.95,2,0.36,8,0.34,1011,1485,503,,,
7/9/25,10:13:53 PM,,,,10,18,22:15:58,165,110,140,360,2.99,1.49,0.31,1.72,2.49,8.31,,12.5,3.844,2,0.285,8,0.44,1500,1014,499,,,
7/9/25,10:20:46 PM,,,,10,19,22:20:01,165,110,140,360,2.99,1.49,0.31,1.72,2.5,8.31,,12.5,3.3,2,0.265,8,0.4,500,500,500,,,
7/9/25,10:24:01 PM,,didn't save MCA,,10,20,22:25:59,165,110,140,360,2.99,1.49,0.31,1.72,2.47,8.31,,12.5,3.47,2,0.32,8,0.41,199,1479,298,,,
7/9/25,10:28:27 PM,,,,10,21,22:30:33,165,110,140,360,2.99,1.49,0.31,1.72,2.24,8.31,,12.5,3.16,2,0.213,8,0.19,751,508,248,,,
7/9/25,10:47:29 PM,,,,10,22,22:49:12,165,110,140,360,2.99,1.49,0.31,1.72,2.4,8.31,,12.5,3.9,2,0.323,8,0.1,1547,303,205,,,
7/9/25,10:51:26 PM,,,,10,23,22:53:31,165,110,140,360,2.99,1.49,0.31,1.72,2.19,8.31,,12.5,3.63,2,0.328,8,0.41,1000,393,148,,,
7/9/25,10:55:21 PM,,,,10,24,22:57:27,165,110,140,360,2.99,1.49,0.31,1.72,2.27,8.31,,12.5,2.5,2,0.109,8,0.13,150,150,149,,,
7/9/25,11:01:24 PM,,,,10,25,23:01:09,165,110,140,360,2.99,1.49,0.31,1.72,2.31,8.31,,12.5,298,2,0.19,8,0.5,400,198,198,,,
7/9/25,11:03:48 PM,,,,10,26,23:05:44,165,110,140,360,2.99,1.49,0.31,1.72,2.3,8.31,,12.5,2.95,2,0.2,8,0.8,504,0,101,,,
7/9/25,11:07:21 PM,,,,10,27,23:09:33,165,110,140,360,2.99,1.49,0.31,1.72,2.24,8.31,,12.5,3.71,2,0.322,8,0.25,997,0,108,,,
7/9/25,11:11:55 PM,,,,10,28,23:13:37,165,110,140,360,2.99,1.49,0.31,1.72,2.38,8.31,,12.5,3.77,2,0.288,8,0.31,1495,0,102,,,
7/9/25,11:16:35 PM,,,,10,29,23:18:32,165,110,140,360,2.99,1.49,0.31,1.72,2.58,8.31,,12.5,4,2,0.38,8,0.53,1998,0,99,,,
7/9/25,11:22:55 PM,,"*turned off 14 GHz, but still showing FWD power",,10,30,23:22:40,165,110,140,360,2.99,1.49,0.31,1.72,2.46,8.31,,12.5,3.889,2,0.3,8,0.72,2001,99,35,,,
7/9/25,11:24:32 PM,,"*turned off 14 GHz, but still showing FWD power",,10,31,23:26:29,165,110,140,360,2.99,1.49,0.31,1.72,2.28,8.31,,12.5,3.76,2,0.25,8,0.75,1506,99,74,,,
7/9/25,11:27:48 PM,,"*turned off 14 GHz, but still showing FWD power",,10,32,23:29:39,165,110,140,360,2.99,1.49,0.31,1.72,2.2,8.31,,12.5,3.72,2,0.365,8,0.88,1010,99,50,,,
7/9/25,11:31:23 PM,,"*turned off 14 GHz, but still showing FWD power",,10,33,23:32:54,165,110,140,360,2.99,1.49,0.31,1.72,2.24,8.31,,12.5,2.7,2,0.16,8,1.31,506,100,20,,,
7/9/25,11:35:43 PM,,"*turned off 14 GHz, but still showing FWD power",,10,34,23:37:47,165,110,140,360,2.99,1.49,0.31,1.72,2.49,8.31,,12.5,4.04,2,0.35,8,0.69,1501,1481,143,,,
7/9/25,11:39:40 PM,,"*turned off 14 and 18 GHz, but still showing FWD power",,10,35,23:41:29,165,110,140,360,2.99,1.49,0.31,1.72,2.32,8.31,,12.5,3.643,2,0.237,8,0.78,1601,0,32,,,
7/9/25,11:44:56 PM,,"*turned off 14 and 28 GHz, but still showing FWD power",,10,36,23:46:39,165,110,140,360,2.99,1.49,0.31,1.72,2.33,8.31,,12.5,3.35,2,0.26,8,1.05,21,1579,0,,,
"MILES CHANGED INJECTION/EXTRACTION IGS AND CONTROLLER ON OCTOBER 9, SO PRESSURES MAY BE DIFFERENT",,,,,,,,,,,,,,,,,,,,,,,,,,,,,,
10/13/25,3:52 PM,CdTe,replica of 7/16/15 and 2/3/16,,10,01,15:58:05,122,105,102,270,2.23,1.44,0.35,1.29,3.89,7.52,,12.5,2.75,2,0.229,74,1.97,0,1012,,6,0.296,43.79015017
10/13/25,4:00 PM,,"assume taken at 1000 W, not sure",,10,02,16:06:45,122,105,98,270,2.24,1.45,0.37,1.29,3.82,7.53,,12.5,2.9,2,0.196,74,2.35,0,1015,,6,0.324,46.56380103
10/13/25,4:07 PM,,,,10,03,16:13:38,122,105,94,270,2.25,1.47,0.4,1.29,3.88,7.53,,12.5,2.85,2,0.175,74,2.4,0,1012,,6,0.351,55.04353313
10/13/25,4:15:52 PM,,,,10,04,16:20:53,122,105,88,270,2.25,1.48,0.44,1.29,4,7.53,,12.5,2.9,2,0.18,74,2.6,0,1013,,6,0.393,61.61790069
10/13/25,4:27:32 PM,,,,10,05,16:31:27,122,105,120,270,2.2,1.4,0.23,1.29,3.92,7.52,,12.5,2.6,2,0.178,74,1.31,0,1008,,6,0.170,27.16720912
10/13/25,4:33:43 PM,,,,10,06,16:37:53,122,105,125,270,2.19,1.39,0.2,1.29,4.25,7.53,,12.5,1.33,2,0.127,74,0.94,0,1011,,6,0.138,26.89998126
10/13/25,,,"drain current too low, turns off power",,,,,122,105,130,270,,,,,,,,,,,,,,,,,,0.104,16.91855066
10/13/25,,,,,,,,122,105,135,270,,,,,,,,,,,,,,,,,,0.070,19.11329807
10/13/25,4:47:27 PM,,replica of 11/2/15,,10,07,16:51:33,124,108,110,270,2.27,1.47,0.32,1.29,3.63,7.53,,12.5,2.7,2,0.19,74,1.72,0,983,,6,0.332,34.20653443
10/13/25,4:51:53 PM,,all done at 1000 W,,10,08,17:04:41,122,105,102,270,2.23,1.44,0.35,1.29,3.43,7.53,,12.5,3.05,2,0.24,74,1.94,0,988,,5,0.296,38.51771198
10/13/25,5:07:37 PM,,,,10,09,17:11:42,120,103,105,270,2.17,1.39,0.3,1.29,3.3,7.52,,12.5,3.64,2,0.316,74,2.28,0,986,,6,0.258,31.18312307
10/13/25,5:15 PM,,repeated after changing settings to match Janilee's. venus is same as run09,,15.5,10,,120,103,105,270,2.17,1.39,0.3,1.29,3.3,7.52,,12.5,3.64,2,0.316,74,2.28,0,986,,6,0.258,31.18312307
10/13/25,5:32:52 PM,,replica of 1/13/16,,15.5,11,17:32:02,122,105,102,275,2.23,1.44,0.35,1.31,3.54,7.52,,12.5,2.7,2,0.205,74,1.9,0,991,,6,,
10/13/25,5:51:46 PM,,,,15.5,12,18:00:26,122,105,102,301,2.23,1.44,0.35,1.44,3.52,7.52,,12.5,2.75,2,0.22,74,1.88,0,992,,6,,
,,,,,,,,122,105,102,325,,,,,,,,,,,,,,,,,,0.296,43.17831186
,,,,,,,,122,105,102,375,,,,,,,,,,,,,,,,,,0.296,45.9145225
,,,,,,,,122,105,102,400,,,,,,,,,,,,,,,,,,0.296,
,,,,,,,,96,85,88,270,,,,,,,,,,,,,,,,,,0.295,22.94845138
,,,,,,,,100,95,90,270,,,,,,,,,,,,,,,,,,0.234,30.1811883
,,,,,,,,185,150,150,450,,,,,,,,,,,,,,,,,,0.445,58.03569087
,,,,,,,,148,120,120,360,,,,,,,,,,,,,,,,,,0.356,46.37053799
,,,,,,,,118.31,96.45,96.45,289.35,,,,,,,,,,,,,,,,,,0.283,38.87359794
,,,,,,,,100,90,78,270,,,,,,,,,,,,,,,,,,0.297,42.75513807
,,,,,,,,140,120,123,270,,,,,,,,,,,,,,,,,,0.297,38.42572649
,,,,,,,,160,140,149,270,,,,,,,,,,,,,,,,,,0.293,45.26835854
,,,replica of 1/13/16,,,,,122,105,102,400,,,,,,,,,,,,,,,,,,0.296,
,,,,,,,,122,105,98,400,,,,,,,,,,,,,,,,,,0.32,54.32046651
,,,,,,,,122,105,94,400,,,,,,,,,,,,,,,,,,0.35,60.45272215
,,,,,,,,122,105,90,400,,,,,,,,,,,,,,,,,,0.38,65.24632608
,,,,,,,,122,105,102,375,,,,,,,,,,,,,,,,,,0.296,45.9145225
,,,,,,,,122,105,98,375,,,,,,,,,,,,,,,,,,0.32,53.31656767
,,,,,,,,122,105,94,375,,,,,,,,,,,,,,,,,,0.35,59.1768116
,,,,,,,,122,105,90,375,,,,,,,,,,,,,,,,,,0.38,64.93486657
,,,,,,,,122,105,102,325,,,,,,,,,,,,,,,,,,0.296,43.17831186
,,,,,,,,122,105,98,325,,,,,,,,,,,,,,,,,,0.32,45.44384122
,,,,,,,,122,105,94,325,,,,,,,,,,,,,,,,,,0.35,50.71029993
,,,,,,,,122,105,90,325,,,,,,,,,,,,,,,,,,0.38,57.05754131
10/14/25,12:27:26 PM,CdTe,18 vs 28 ratios,,10,03,12:28:34,185,151,149,430,3.39,2.09,0.53,2.05,2.88,7.98,,19.99,4.193,2,0.031,13,4.44,2999,1189,,11,,
10/14/2025,12:37:19 PM,,,,10,04,12:37:10,185,151,149,430,3.39,2.09,0.53,2.05,2.88,7.98,,12.5,3.675,2,0.045,13,4.85,3002,1186,,10,,
10/14/2025,12:40:34 PM,,,,10,05,12:43:45,185,151,149,430,3.39,2.09,0.53,2.05,2.88,7.98,,12.5,4.004,2,0.035,13,4.38,3483,1013,,10,,
10/14/2025,12:48:17 PM,,,,10,06,12:48:08,185,151,149,430,3.39,2.09,0.53,2.05,2.86,7.98,,12.5,4.167,2,0.031,13,4.04,4017,1015,,10,,
10/14/2025,12:54:42 PM,,,,10,07,12:54:38,185,151,149,430,3.39,2.09,0.53,2.05,3.15,7.98,,12.5,4.246,2,0.024,13,4.44,4491,1007,,7,,
10/14/2025,12:59:59 PM,,,,10,08,13:00:26,185,151,149,430,3.39,2.09,0.53,2.05,3.54,7.98,,12.5,4.83,2,0.039,13,5.38,5005,1012,,7,,
10/14/2025,1:07:41 PM,,,,10,09,13:06:39,185,151,149,430,3.39,2.09,0.53,2.05,4.14,7.98,,12.5,5.37,2,0.104,13,6.73,5496,1012,,6,,
10/14/2025,1:11:16 PM,,,,10,10,13:14:20,185,151,149,430,3.39,2.09,0.53,2.05,4.46,7.98,,12.5,5.848,2,0.101,13,6.57,5501,1475,,11,,
10/14/2025,1:19:56 PM,,,,10,11,13:20:32,185,151,149,430,3.39,2.09,0.53,2.05,5.54,7.98,,12.5,5.74,2,0.186,13,7.76,5005,1482,,12,,
10/14/2025,1:21:47 PM,,,,10,12,13:25:54,185,151,149,430,3.39,2.09,0.53,2.05,5.38,7.98,,12.5,5.53,2,0.161,13,7.6,4504,1484,,11,,
10/14/2025,1:27:47 PM,,,,10,13,13:30:48,185,151,149,430,3.39,2.09,0.53,2.05,4.75,7.98,,12.5,5.291,2,0.106,13,6.88,4000,1491,,11,,
10/14/2025,1:33:53 PM,,,,10,14,13:41:29,185,151,149,430,3.39,2.09,0.53,2.05,4.1,7.98,,12.5,4.717,2,0.074,13,5.72,3516,1718,,14,,
10/14/2025,1:47:39 PM,,,,10,15,13:47:26,185,151,149,430,3.39,2.09,0.53,2.05,3.45,7.98,,12.5,4.634,2,0.044,13,4.75,3015,1735,,14,,
10/14/2025,1:50:20 PM,,,,10,16,13:53:27,185,151,149,430,3.39,2.09,0.53,2.05,3.28,7.98,,12.5,4.337,2,0.041,13,4.69,2497,1735,,14,,
10/14/2025,1:55:35 PM,,,,10,17,13:58:35,185,151,149,430,3.39,2.09,0.53,2.05,3,7.98,,12.5,3.917,2,0.029,13,4.54,2004,1735,,14,,
10/14/2025,1:59:43 PM,,,,10,18,14:03:18,185,151,149,430,3.39,2.09,0.53,2.05,2.73,7.98,,12.5,3.536,2,0.023,13,4.16,1502,1518,,11,,
10/14/2025,2:04:48 PM,,,,10,19,14:08:12,185,151,149,430,3.39,2.09,0.53,2.05,2.42,7.98,,12.5,3.273,2,0.019,13,3.63,1006,1521,,11,,
10/14/2025,2:09:33 PM,,,,10,20,14:12:36,185,151,149,430,3.39,2.09,0.53,2.05,2.35,7.98,,12.5,2.7,2,0.02,13,3.4,499,1516,,11,,
10/14/2025,2:12:40 PM,,,,10,21,14:17:12,185,151,149,430,3.39,2.09,0.53,2.05,2.31,7.98,,12.5,2.981,2,0.038,13,3.53,1002,1013,,6,,
10/14/2025,2:18:45 PM,,,,10,22,14:22:33,185,151,149,430,3.39,2.09,0.53,2.05,2.55,7.98,,12.5,2.535,2,0.024,13,2.06,498,506,,2,,
10/14/2025,2:24:04 PM,,28 GHz set to 0 W,,10,23,14:27:19,185,151,149,430,3.39,2.09,0.53,2.05,2.81,7.98,,12.5,2.11,2,0.026,13,1.28,53,505,,2,,
10/14/2025,2:33:49 PM,,,,10,24,14:33:30,185,151,149,430,3.39,2.09,0.53,2.05,2.63,7.98,,12.5,2.291,2,0.03,13,1.56,50,987,,6,,
10/14/2025,2:39:52 PM,,18 GHz set to 0 W,,10,25,14:42:05,185,151,149,430,3.39,2.09,0.53,2.05,2.34,7.98,,12.5,2.66,2,0.031,13,2.03,49,1484,,11,,
10/14/2025,2:45:59 PM,,,,10,26,14:49:24,185,151,149,430,3.39,2.09,0.53,2.05,2.72,7.98,,12.5,2.061,2,0.028,13,1,484,47,,0,,
10/14/2025,2:50:01 PM,,,,10,27,14:53:17,185,151,149,430,3.39,2.09,0.53,2.05,3.2,7.98,,12.5,2.579,2,0.035,13,2.35,993,49,,0,,
10/14/2025,,,,,10,28,14:58:20,185,151,149,430,3.39,2.09,0.53,2.05,3.2,7.98,,12.5,2.7,2,0.035,13,3.69,1492,49,,0,,
10/14/2025,,CdTe,"Bextr vs Brad, didn't save",,,29,15:23:59,122,140,93,430,2.27,1.96,0.57,2.05,2.99,7.98,,12.5,1.85,2,0.034,13,1.3,0,984,,6,,
10/14/2025,3:21:01 PM,,"only 18 GHz, 1000 W",,10,30,15:30:12,122,130,93,430,2.27,1.81,0.52,2.05,2.82,7.98,,12.5,2.1,2,0.041,13,1.28,0,984,,6,,
10/14/2025,3:35:22 PM,,had to be 93 A for Bmin > 0.579 T for 18 GHz interlock,,10,31,15:38:11,122,120,87,430,2.27,1.69,0.51,2.05,2.74,7.98,,12.5,2.6,2,0.125,13,2,0,986,,6,,
10/14/2025,3:42:09 PM,,,,10,32,15:45:09,122,110,81,430,2.27,1.55,0.51,2.05,2.76,7.98,,12.5,2.456,2,0.089,13,1.25,0,988,,6,,
10/14/2025,3:48:33 PM,,,,10,33,15:51:32,122,100,75,430,2.27,1.43,0.5,2.05,2.81,7.98,,12.5,2.3,2,0.1,13,1.35,0,991,,6,,
10/14/2025,3:54:49 PM,,,,10,34,15:57:51,122,90,68,430,2.28,1.3,0.5,2.05,3,7.98,,12.5,2.37,2,0.1,13,0.72,0,990,,6,,
10/14/2025,4:11:59 PM,,,,10,35,16:14:39,122,128,93,385,2.27,1.8,0.52,1.84,2.61,7.98,,12.5,2.4,2,0.06,13,2.57,0,991,,6,,
10/14/2025,4:17:57 PM,,,,10,36,16:19:57,122,116,86,385,2.27,1.63,0.5,1.84,2.59,7.98,,12.5,2.461,2,0.097,13,2.19,0,987,,6,,
10/14/2025,4:22:32 PM,,,,10,37,16:25:37,122,104,77,385,2.28,1.48,0.51,1.84,2.67,7.98,,12.5,2.4,2,0.079,13,1.35,0,991,,6,,
10/14/2025,4:27:06 PM,,,,10,38,16:31:41,122,92,68,385,2.27,1.32,0.51,1.84,2.73,7.98,,12.5,2,2,0.075,13,1.25,0,987,,6,,
10/14/2025,4:45:29 PM,,,,10,39,16:47:37,122,128,93,340,2.27,1.8,0.51,1.62,2.59,7.98,,12.5,2.398,2,0.033,13,2.75,0,988,,6,,
10/14/2025,4:58:55 PM,,,,10,40,16:58:06,122,116,86,340,2.27,1.64,0.51,1.62,2.6,7.98,,12.5,2.202,2,0.059,14,2.5,0,986,,6,,
10/14/2025,5:08:12 PM,,,,10,41,17:10:17,122,104,77,340,2.27,1.48,0.51,1.62,2.6,7.98,,12.5,2.4,2,0.08,13,1.5,0,990,,5,,
10/14/2025,5:14:32 PM,,,,10,42,17:16:24,122,92,68,340,2.27,1.32,0.51,1.62,2.73,7.98,,12.5,2.1,2,0.15,13,1.16,0,988,,6,,
10/14/2025,5:34:26 PM,,,,10,43,17:35:12,122,128,93,295,2.27,1.79,0.51,1.41,2.55,7.98,,12.5,2.57,2,0.1,13,3,0,990,,6,,
10/14/2025,5:41:55 PM,,,,10,44,17:41:13,122,116,86,295,2.27,1.64,0.51,1.41,2.55,7.98,,12.5,2.4,2,0.086,13,2.6,0,990,,6,,
10/14/2025,5:45:52 PM,,,,10,45,17:48:04,122,104,77,295,2.27,1.49,0.51,1.41,2.57,7.98,,12.5,2.3,2,0.111,13,2.1,0,993,,6,,
10/14/2025,5:53:27 PM,,"weird, almost no counts",,10,46,17:56:11,122,92,68,295,2.28,1.34,0.52,1.41,2.83,7.98,,12.5,2.3,2,0.113,13,1.3,0,994,,6,,
10/14/2025,5:57:44 PM,,copy of run 46,,10,47,17:59:35,122,92,68,295,2.28,1.33,0.51,1.41,2.78,7.98,,12.5,2.2,2,0.116,13,1.24,0,993,,6,,
,,,try with only 28,,,,,,,,,,,,,,,,,,,,,,,,,,,
10/15/25,11:24:17 AM,CdTe,Bextr vs Brad,,10,48,11:26:44,122,140,100,430,2.26,1.95,0.52,2.05,1.88,7.48,,12.5,2.1,2,0.031,74,4,0,983,,6,,
10/15/25,11:28:05 AM,,"copy of run 48, with bias = 13 V to match yesterday",,10,49,11:30:03,122,140,100,430,2.26,1.95,0.52,2.05,1.93,7.48,,12.5,1.4,2,0.032,13,2.31,0,987,,6,,
10/15/25,11:32:08 AM,,"only 18 GHz, 1000 W",,10,50,11:34:31,122,140,100,385,2.26,1.95,0.52,1.84,1.96,7.48,,12.5,1.6,2,0.024,13,2.32,0,986,,5,,
10/15/25,11:37:29 AM,,,,10,51,11:39:57,122,140,100,340,2.26,1.95,0.52,1.62,1.94,7.48,,12.5,1.6,2,0.029,13,2.38,0,988,,6,,
10/15/25,11:42:24 AM,,,,10,52,11:45:16,122,140,100,295,2.26,1.95,0.52,1.41,1.91,7.48,,12.5,1.5,2,0.031,13,2.3,0,987,,6,,
10/15/25,12:03:48 PM,,Bmin vs Bext,,10,53,12:05:44,122,145,150,295,2.18,1.91,0.21,1.41,2.08,7.48,,12.5,0.727,2,0.025,13,0.66,0,990,,6,,
10/15/25,12:07:53 PM,,"only 18 GHz, 1000 W",,10,54,12:13:36,121,143.5,137,295,2.18,1.92,0.29,1.41,1.93,7.48,,12.5,1.475,2,0.024,13,2.22,0,990,,5,,
10/15/25,12:16:27 PM,,,,10,55,12:18:27,120,141,122,295,2.19,1.92,0.37,1.41,1.85,7.48,,12.5,1.883,2,0.041,13,2.66,0,989,,6,,
10/15/25,12:22:00 PM,,,,10,56,12:24:00,119,139.5,108,295,2.19,1.91,0.45,1.41,1.79,7.48,,12.5,1.881,2,0.04,13,2.6,0,987,,6,,
10/15/25,12:27:10 PM,,,,10,57,12:29:59,118,138.5,100,295,2.19,1.92,0.5,1.41,1.81,7.48,,12.5,1.689,2,0.034,13,2.5,0,989,,5,,
10/15/25,12:32:07 PM,,,,10,58,12:34:58,117,137,90,295,2.19,1.92,0.55,1.41,1.87,7.48,,12.5,1.163,2,0.036,13,1.85,0,990,,5,,
10/15/25,12:37:40 PM,,basically no counts since Bmin so high,,10,59,12:40:17,116,135.5,80,295,2.18,1.92,0.61,1.41,2.13,7.48,,12.5,1.18,2,0.024,13,1.35,0,986,,6,,
10/15/25,12:55:48 PM,,didn't save,,10,60,12:58:33,122,130,141,295,2.18,1.72,0.21,1.41,2.08,7.48,,12.5,0.729,2,0.031,13,0.34,0,987,,6,,
10/15/25,1:04:56 PM,,,,10,61,13:07:12,121,128.5,126.5,295,2.19,1.72,0.29,1.41,1.85,7.48,,12.5,1.563,2,0.038,13,1.68,0,989,,6,,
10/15/25,1:12:19 PM,,,,10,62,13:14:21,119.5,126.5,112.5,295,2.18,1.73,0.37,1.41,1.77,7.48,,12.5,1.812,2,0.027,13,2.1,0,986,,5,,
10/15/25,1:18:31 PM,,,,10,63,13:20:43,118.5,124.5,98,295,2.19,1.72,0.45,1.41,1.81,7.48,,12.5,1.6,2,0.024,13,2,0,987,,6,,
10/15/25,1:26:53 PM,,,,10,64,13:29:39,116.8,122.5,84,295,2.18,1.73,0.53,1.41,1.83,7.48,,12.5,1.6,2,0.031,13,2.35,0,993,,6,,
10/15/25,1:32:28 PM,,basically no counts since Bmin so high,,10,65,13:35:58,116,120,69,295,2.19,1.72,0.61,1.41,2.12,7.48,,12.5,1.46,2,0.031,13,1.35,0,987,,6,,
10/15/25,1:41:03 PM,,,,10,66,13:44:56,115.5,104,58,295,2.18,1.53,0.61,1.41,2.08,7.48,,1.5,1.2,2,0.043,13,0.91,0,988,,6,,
10/15/25,1:49:25 PM,,even closer to no counts,,10,67,13:51:32,116.5,106,70.5,295,2.19,1.52,0.54,1.41,1.85,7.48,,12.5,1.3,2,0.037,13,1.31,0,987,,6,,
10/15/25,1:55:24 PM,,,,10,68,13:59:41,118,107.5,85.5,295,2.18,1.51,0.45,1.41,1.81,7.48,,12.5,1.6,2,0.035,13,1.67,0,990,,5,,
10/15/25,2:05:24 PM,,,,10,69,14:07:25,119,110,99,295,2.18,1.52,0.38,1.41,1.7,7.48,,12.5,1.8,2,0.039,13,1.56,0,988,,6,,
10/15/25,2:11:39 PM,,,,10,70,14:14:44,120,112,114,295,2.18,1.52,0.29,1.41,1.71,7.48,,12.5,1.69,2,0.039,13,1.56,0,991,,6,,
10/15/25,2:20:51 PM,,,,10,71,14:24:08,121.5,114,128,295,2.18,1.52,0.21,1.41,1.85,7.48,,12.5,1.056,2,0.034,13,0.59,0,988,,6,,
10/15/25,2:29:09 PM,,,,10,72,14:33:24,121.5,99,120.5,295,2.18,1.31,0.2,1.41,1.97,7.48,,12.5,0.969,2,0.043,13,0.22,0,988,,5,,
10/15/25,2:40:16 PM,,,,10,73,14:42:26,120.5,97,105,295,2.19,1.32,0.29,1.41,1.69,7.48,,12.5,2.042,2,0.041,13,0.88,0,991,,5,,
10/15/25,2:49:06 PM,,,,10,74,14:51:16,119,95,90.5,295,2.19,1.32,0.37,1.41,1.71,7.48,,12.5,1.987,2,0.045,13,1.09,0,990,,6,,
10/15/25,2:56:12 PM,,,,10,75,14:58:25,117.5,93,76,295,2.18,1.32,0.45,1.41,1.79,7.48,,12.5,1.8,2,0.06,13,1,0,996,,6,,
10/15/25,3:04:22 PM,,,,10,76,15:06:44,116,90.5,60,295,2.18,1.33,0.54,1.41,1.9,7.48,,12.5,1.335,2,0.044,13,1.13,0,990,,6,,
10/15/25,3:11:14 PM,,,,10,77,15:13:40,115,89,47,295,2.18,1.33,0.61,1.41,2.24,7.48,,12.5,1.1,2,0.058,13,0.91,0,988,,6,,
10/15/25,3:20:11 PM,,,,10,78,15:22:55,115,72,37,295,2.19,1.11,0.6,1.41,1.99,7.48,,12.5,1.3,2,0.08,13,0.25,0,986,,6,,
10/15/25,3:25:54 PM,,,,10,79,15:30:08,116,73,49,295,2.19,1.1,0.53,1.41,2.07,7.48,,12.5,1.2,2,0.08,13,0.6,0,990,,6,,
10/15/25,3:35:23 PM,,,,10,80,15:38:33,117,75,61,295,2.19,1.1,0.46,1.41,1.84,7.48,,12.5,1.7,2,0.056,13,0.91,0,985,,6,,
10/15/25,3:44:38 PM,,,,10,81,15:47:00,118,77,75.5,295,2.18,1.09,0.38,1.41,1.77,7.48,,12.5,1.625,2,0.05,13,0.47,0,990,,5,,
10/15/25,3:56:18 PM,,,,10,82,15:59:33,120,80,91,295,2.19,1.11,0.3,1.41,1.76,7.48,,12.5,1.688,2,0.044,13,0.41,0,993,,6,,
10/15/25,4:04:38 PM,,,,10,83,16:08:28,121,81.5,106,295,2.19,1.1,0.21,1.41,1.74,7.48,,12.5,1.218,2,0.038,13,0.13,0,993,,6,,
moved collimators on 10/16 ,,,,,,,,,,,,,,,,,,,,,,,,,,,,,,
10/23/25,12:19:38 AM,CdTe,Bextr vs Brad,,10,84,0:22:22,122,140,100,430,2.27,1.95,0.52,2.05,1.12,7.98,,12.5,1.144,2,0.009,12,1.8,0,997,,6,,
10/23/25,12:30:37 AM,,runs 30-52,,10,85,0:32:37,122,128,93,430,2.27,1.79,0.51,2.05,1.11,7.98,,12.5,1.16,2,0.006,13,1.75,0,994,,6,,
10/23/25,12:38:56 AM,,,,10,86,0:40:49,122,116,86,430,2.27,1.64,0.5,2.05,1.12,7.98,,12.5,1.3,2,0.003,12,1.66,0,991,,5,,
10/23/25,12:47:43 AM,,,,10,87,0:49:20,122,104,77,430,2.27,1.49,0.51,2.05,1.12,7.98,,12.5,1.3,2,0.01,13,1.4,0,996,,6,,
10/23/25,12:58:03 AM,,bit unstable,,10,88,1:00:05,122,92,68,430,2.28,1.33,0.51,2.05,1.4,7.98,,12.5,1.5,2,0.006,13,0.8,0,994,,6,,
10/23/25,1:02:34 AM,,,,10,89,1:04:24,122,92,68,385,2.28,1.33,0.51,1.84,1.2,7.98,,12.5,1.37,2,0.007,13,0.56,0,991,,6,,
10/23/25,1:14:30 AM,,,,10,90,1:16:40,122,104,77,385,2.28,1.49,0.51,1.84,1.13,7.98,,12.5,1.3,2,0.006,13,0.8,0,996,,6,,
10/23/25,1:24:14 AM,,,,10,91,1:29:06,122,116,86,385,2.27,1.64,0.51,1.84,1.14,7.98,,12.5,1.2,2,0.004,13,0.94,0,997,,6,,
10/23/25,1:35:49 AM,,didn't save,,10,,1:44:47,122,128,93,385,2.27,1.79,0.51,1.84,1.17,7.98,,12.5,1.058,2,0.012,13,1.1,0,1000,,6,,
10/23/25,1:53:42 AM,,,,10,93,1:55:52,122,140,100,385,2.26,1.94,0.52,1.84,1.18,7.98,,12.5,0.98,2,0.01,12,1.28,0,993,,6,,
10/23/25,1:59:47 AM,,,,10,94,2:02:06,122,140,100,340,2.26,1.95,0.52,1.62,1.2,7.98,,12.5,1.07,2,0.014,13,1,0,997,,6,,
10/23/25,2:08:21 AM,,didn't save,,10,,2:10:43,122,128,93,340,2.27,1.79,0.51,1.62,1.18,7.98,,12.5,1.1,2,0.009,13,0.97,0,997,,6,,
10/23/25,2:16:13 AM,,,,10,92,2:18:34,122,128,93,385,2.27,1.79,0.51,1.84,1.16,7.98,,12.5,1.06,2,0.009,13,1.22,0,993,,6,,
10/23/25,2:23:24 AM,,,,10,96,2:26:37,122,116,86,340,2.27,1.63,0.51,1.62,1.16,7.98,,12.5,1.17,2,0.006,13,0.81,0,999,,5,,
10/23/25,2:34:27 AM,,,,10,95,2:37:13,122,128,93,340,2.27,1.79,0.51,1.62,1.17,7.98,,12.5,1.13,2,0.01,13,0.97,0,996,,6,,
10/23/25,2:54:02 AM,,,,10,97,2:56:36,122,104,77,340,2.28,1.49,0.51,1.62,1.18,7.98,,12.5,1.26,2,0.006,13,0.9,0,987,,6,,
10/23/25,3:05:19 AM,,,,10,98,3:08:15,122,92,68,340,2.28,1.33,0.51,1.62,1.17,7.98,,12.5,1.2,2,0.008,12,0.97,0,990,,6,,
10/23/25,3:16:37 AM,,,,10,99,3:16:34,122,92,68,295,2.28,1.33,0.51,1.41,1.18,7.98,,12.5,1.2,2,0.013,13,0.9,0,995,,6,,
10/23/25,3:21:33 AM,,,,10,100,3:24:04,122,104,77,295,2.28,1.49,0.51,1.41,1.17,7.98,,12.5,1.155,2,0.1,13,0.88,0,996,,6,,
10/23/25,3:32:48 AM,,,,10,101,3:35:24,122,116,86,295,2.27,1.64,0.51,1.41,1.17,7.98,,12.5,1.17,2,0.009,13,0.81,0,996,,6,,
10/23/25,3:43:38 AM,,,,10,102,3:47:04,122,128,93,295,2.27,1.8,0.51,1.41,1.16,7.98,,12.5,1.1,2,0.009,12,1,0,996,,6,,
10/23/25,3:56:15 AM,,,,10,103,3:58:02,122,140,100,295,2.26,1.95,0.52,1.41,1.18,7.98,,12.5,1.16,2,0.009,13,1.03,0,992,,6,,
10/23/25,4:16:36 AM,,Bmin vs Bext,,10,104,4:18:51,122,145,150,295,2.18,1.91,0.21,1.41,1.33,7.98,,12.5,0.921,2,0.009,12,1.28,0,993,,5,,
10/23/25,4:22:22 AM,,runs 53-83,,10,105,4:25:10,121,143.5,137,295,2.18,1.91,0.29,1.41,1.15,7.98,,12.5,1.009,2,0.007,13,1.16,0,997,,6,,
10/23/25,4:31:48 AM,,,,10,106,4:34:54,120,141,122,295,2.19,1.91,0.37,1.41,1.14,7.98,,12.5,1.052,2,0.006,12,0.91,0,999,,6,,
10/23/25,4:41:17 AM,,,,10,107,4:43:58,119,139.5,108,295,2.19,1.92,0.45,1.41,1.15,7.98,,12.5,1.11,2,0.009,12,0.84,0,999,,6,,
10/23/25,4:51:20 AM,,,,10,108,4:53:25,117.5,138,95,295,2.19,1.93,0.53,1.41,1.17,7.98,,12.5,1.1,2,0.009,13,1.06,0,997,,6,,
10/23/25,5:00:24 AM,,,,10,109,5:06:24,116,135.5,80,295,2.18,1.92,0.61,1.41,1.35,7.98,,12.5,0.96,2,0.012,13,0.97,0,986,,6,,
10/23/25,5:22:32 AM,,,,10,110,5:24:49,122,130,141,295,2.18,1.71,0.2,1.41,1.24,7.98,,12.5,0.916,2,0.011,12,1.03,0,987,,6,,
10/23/25,5:28:59 AM,,,,10,111,5:31:13,121,128.5,126.5,295,2.19,1.72,0.29,1.41,1.15,7.98,,12.5,1.03,2,0.009,12,0.88,0,989,,6,,
10/23/25,5:34:57 AM,,,,10,112,5:37:07,119.5,126.5,112.5,295,2.18,1.73,0.37,1.41,1.1,7.98,,12.5,1.147,2,0.005,12,0.56,0,989,,6,,
10/23/25,5:42:35 AM,,,,10,113,5:44:49,118.5,124.5,98,295,2.19,1.73,0.45,1.41,1.13,7.98,,12.5,1,2,0.005,13,0.81,0,992,,6,,
10/23/25,5:48:43 AM,,,,10,114,5:50:54,116.8,122.5,84,295,2.18,1.73,0.52,1.41,1.15,7.98,,12.5,1.11,2,0.005,13,0.81,0,992,,6,,
10/23/25,5:57:42 AM,,,,10,115,5:59:44,116,120,69,295,2.19,1.72,0.61,1.41,1.18,7.98,,12.5,0.91,2,0.004,12,0.94,0,991,,5,,
10/23/25,6:07:07 AM,,,,10,116,6:09:10,115.5,104,58,295,2.19,1.52,0.61,1.41,1.21,7.98,,12.5,1.1,2,0.004,12,0.75,0,992,,6,,
10/23/25,6:14:54 AM,,,,10,117,6:17:52,116.5,106,70.5,295,2.19,1.52,0.54,1.41,1.21,7.98,,12.5,1.08,2,0.004,12,0.41,0,990,,6,,
10/23/25,6:26:59 AM,,,,10,118,6:28:58,118,107.5,85.5,295,2.19,1.51,0.45,1.41,1.15,7.98,,12.5,1.2,2,0.006,12,0.5,0,990,,6,,
10/23/25,6:34:45 AM,,,,10,119,6:37:28,119,110,99,295,2.19,1.52,0.38,1.41,1.12,7.98,,12.5,1.3,2,0.005,12,0.5,0,990,,6,,
10/23/25,6:47:46 AM,,,,10,120,6:49:47,120,112,114,295,2.18,1.52,0.29,1.41,1.13,7.98,,12.5,1.2,2,0.005,12,0.65,0,987,,6,,
10/23/25,6:55:51 AM,,,,10,121,6:57:56,121.5,114,128,295,2.19,1.52,0.22,1.41,1.22,7.98,,12.5,1.018,2,0.008,12,0.91,0,987,,6,,
10/24/25,2:07:26 AM,CdTe,,,10,122,2:09:28,121.5,99,120.5,295,2.18,1.32,0.2,1.41,1.03,7.98,,12.5,1.08,2,0.005,13,0.28,0,994,,5,,
10/24/25,2:15:51 AM,,,,10,123,2:18:24,120.5,97,105,295,2.19,1.32,0.29,1.41,0.934,7.98,,12.5,1.582,2,0.003,13,0.03,0,991,,6,,
10/24/25,2:27:31 AM,,,,10,124,2:30:26,119,95,90.5,295,2.19,1.32,0.37,1.41,0.941,7.98,,12.5,1.67,2,0.004,13,0,0,991,,6,,
10/24/25,2:42:11 AM,,,,10,125,2:46:08,117.5,93,76,295,2.18,1.32,0.45,1.41,0.982,7.98,,12.5,1.6,2,0.013,19,1.47,0,989,,6,,
10/24/25,2:55:42 AM,,,,10,126,3:00:00,116,90.5,60,295,2.18,1.32,0.53,1.41,1,7.98,,12.5,1.5,2,0.012,19,1.1,0,995,,6,,
10/24/25,3:25:00 AM,,,,10,127,3:29:07,115,89,47,295,2.18,1.33,0.61,1.41,1.08,7.98,,12.5,1.44,2,0.013,19,1.06,0,994,,6,,
10/24/25,3:43:16 AM,,,,10,128,3:46:18,115,72,37,295,2.19,1.11,0.6,1.41,1.04,7.98,,12.5,1.35,2,0.031,19,0.53,0,991,,6,,
10/24/25,4:01:26 AM,,,,10,129,4:04:18,116,73,49,295,2.19,1.1,0.53,1.41,1.13,7.98,,12.5,1.5,2,0.019,19,0.91,0,994,,6,,
10/24/25,4:11:18 AM,,why does dead time only show up when input rate is really high? like >500+,,10,130,4:14:15,117,75,61,295,2.19,1.1,0.46,1.41,1.02,7.98,,12.5,1.8,2,0.019,19,1.16,0,991,,5,,
10/24/25,4:27:51 AM,,perhaps there's so few counts that there just IS no dead time if there's not enough counts,,10,131,4:30:10,118,77,75.5,295,2.18,1.1,0.38,1.41,0.987,7.98,,12.5,1.73,2,0.017,19,1.16,0,994,,6,,
10/24/25,4:37:28 AM,,,,10,132,4:39:47,120,80,91,295,2.19,1.11,0.3,1.41,1,7.98,,12.5,1.848,2,0.028,19,0.81,0,997,,6,,
10/24/25,4:51:47 AM,,,,10,133,4:54:19,121,81.5,106,295,2.19,1.1,0.21,1.41,1.08,7.98,,12.5,1.35,2,0.022,19,0.53,0,991,,6,,
10/24/25,5:28:56 AM,CdTe,18 vs 28 ratios,,10,134,5:31:22,185,151,149,430,3.39,2.09,0.53,2.05,0.887,7.98,,12.5,2.15,2,0.007,19,2.5,0,996,,6,,
10/24/25,5:33:06 AM,,runs 3-28,,10,135,5:35:17,185,151,149,430,3.39,2.09,0.53,2.05,0.882,7.98,,12.5,1.97,2,0.006,19,1.97,0,508,,2,,
10/24/25,5:38:06 AM,,,,10,136,5:40:07,185,151,149,430,3.39,2.09,0.53,2.05,0.915,7.98,,12.5,2.23,2,0.01,18,2.6,0,1477,,11,,
10/24/25,6:00:44 AM,,waited for 28 GHz to turn on,,10,137,6:03:39,185,151,149,430,3.39,2.09,0.53,2.05,0.949,7.98,,12.5,1.1,2,0.009,19,1.75,496,1488,,11,,
10/24/25,6:08:04 AM,,,,10,138,6:07:47,185,151,149,430,3.39,2.09,0.53,2.05,0.896,7.98,,12.5,1.96,2,0.01,19,1.22,1005,1490,,11,,
10/24/25,6:13:18 AM,,18/28 PSs are OFF when their power is 0 W,,10,139,6:13:15,185,151,149,430,3.39,2.09,0.53,2.05,0.898,7.98,,12.5,1.924,2,0.012,19,1.06,1506,1486,,11,,
10/24/25,6:15:09 AM,,"if not OFF but set to 0 W, will read ~50 W",,10,140,6:17:36,185,151,149,430,3.39,2.09,0.53,2.05,0.913,7.98,,12.5,2.008,2,0.011,19,1.09,1996,1722,,14,,
10/24/25,6:19:24 AM,,,,10,141,6:21:20,185,151,149,430,3.39,2.09,0.53,2.05,0.936,7.98,,12.5,2.055,2,0.008,19,1.19,2486,1722,,14,,
10/24/25,6:23:21 AM,,,,10,142,6:25:17,185,151,149,430,3.39,2.09,0.53,2.05,0.964,7.98,,12.5,2.04,2,0.011,19,1.19,2996,1726,,14,,
10/24/25,6:28:11 AM,,,,10,143,6:36:22,185,151,149,430,3.39,2.09,0.53,2.05,0.987,7.98,,12.5,2.04,2,0.013,19,1.16,3509,1730,,14,,
10/24/25,6:40:25 AM,,,,10,144,6:40:19,185,151,149,430,3.39,2.09,0.53,2.05,1,7.98,,12.5,2.008,2,0.009,19,1.16,4000,1522,,12,,
10/24/25,6:42:41 AM,,,,10,145,6:45:02,185,151,149,430,3.39,2.09,0.53,2.05,1.04,7.98,,12.5,1.97,2,0.014,19,1.35,4533,1518,,12,,
10/24/25,6:56:33 AM,,,,10,146,7:01:04,185,151,149,430,3.39,2.09,0.53,2.05,1.07,7.98,,12.5,1.863,2,0.009,19,1.31,4993,1525,,12,,
10/24/25,7:03:05 AM,,,,10,147,7:05:12,185,151,149,430,3.39,2.09,0.53,2.05,1.11,7.98,,12.5,1.88,2,0.008,19,1.31,5479,1516,,12,,
10/24/25,7:07:20 AM,,,,10,148,7:09:20,185,151,149,430,3.39,2.09,0.53,2.05,1.1,7.98,,12.5,1.83,2,0.009,19,1.25,5483,1015,,6,,
10/24/25,7:12:03 AM,,,,10,149,7:14:41,185,151,149,430,3.39,2.09,0.53,2.05,1.03,7.98,,12.5,1.829,2,0.006,19,1.19,4998,1013,,6,,
10/24/25,7:17:20 AM,,,,10,150,7:19:23,185,151,149,430,3.39,2.09,0.53,2.05,0.996,7.98,,12.5,1.862,2,0.006,19,1.06,4499,1010,,6,,
10/24/25,7:20:56 AM,,,,10,151,7:23:16,185,151,149,430,3.39,2.09,0.53,2.05,0.952,7.98,,12.5,1.89,2,0.005,19,0.97,3995,1012,,6,,
10/24/25,7:25:04 AM,,,,10,152,7:27:06,185,151,149,430,3.39,2.09,0.53,2.05,0.916,7.98,,12.5,1.867,2,0.008,19,0.91,3499,1013,,6,,
10/24/25,7:29:03 AM,,,,10,153,7:31:14,185,151,149,430,3.39,2.09,0.53,2.05,0.886,7.98,,12.5,1.888,2,0.005,19,0.91,3005,1013,,6,,
10/24/25,7:32:41 AM,,,,10,154,7:34:44,185,151,149,430,3.39,2.09,0.53,2.05,0.861,7.98,,12.5,1.901,2,0.008,19,0.84,2503,1009,,6,,
10/24/25,7:36:14 AM,,,,10,155,7:38:17,185,151,149,430,3.39,2.09,0.53,2.05,0.835,7.98,,12.5,1.903,2,0.007,19,0.81,2004,1009,,6,,
10/24/25,7:41:44 AM,,,,10,156,7:41:36,185,151,149,430,3.39,2.09,0.53,2.05,0.824,7.98,,12.5,1.824,2,0.007,19,0.84,1503,1015,,6,,
10/24/25,7:43:26 AM,,,,10,157,7:45:29,185,151,149,430,3.39,2.09,0.53,2.05,0.806,7.98,,12.5,1.782,2,0.006,19,0.88,1010,1010,,6,,
10/24/25,7:46:50 AM,,,,10,158,7:48:50,185,151,149,430,3.39,2.09,0.53,2.05,0.849,7.98,,12.5,1.676,2,0.006,19,1.06,516,508,,2,,
10/24/25,7:50:24 AM,,,,10,159,7:52:25,185,151,149,430,3.39,2.09,0.53,2.05,1.07,7.98,,12.5,1.85,2,0.008,19,0.94,498,0,,,,
10/24/25,7:54:12 AM,,,,10,160,7:56:19,185,151,149,430,3.39,2.09,0.53,2.05,1.18,7.98,,12.5,2.038,2,0.009,19,0.66,998,0,,,,
10/24/25,7:57:56 AM,,,,10,161,8:00:38,185,151,149,430,3.39,2.09,0.53,2.05,1.21,7.98,,12.5,2.002,2,0.008,19,0.63,1494,0,,,,
1/8/26,2:52:05 PM,SDD,Bextr vs Brad,,125,162,14:54:37,122,140,100,430,2.26,1.95,0.52,2.05,1.38,8.63,,12.5,2.519,2,0.078,128,1.44,0,1001,,5,,
1/8/26,3:01:51 PM,,,,125,163,15:05:12,122,128,93,430,2.27,1.8,0.52,2.05,1.4,8.63,,12.5,2.4,2,0.079,128,1.28,0,997,,5,,
1/8/26,3:18:16 PM,,,,125,164,15:20:22,122,116,86,430,2.27,1.64,0.5,2.05,1.68,8.63,,12.5,1.38,2,0.031,158,-0.19,,1003,,6,,
1/8/26,3:26:54 PM,,,,125,165,15:29:43,122,104,77,430,2.27,1.49,0.51,2.05,1.62,8.63,,12.5,1.36,2,0.032,158,-0.19,,997,,5,,
1/8/26,3:38:13 PM,,,,125,166,15:40:23,122,92,68,430,2.28,1.33,0.51,2.05,1.51,8.63,,12.5,1.7,2,0.05,158,-0.16,,994,,5,,
1/8/26,3:48:23 PM,,,,125,167,15:50:23,122,92,68,385,2.28,1.33,0.51,1.84,1.53,8.63,,12.5,1.75,2,0.038,176,0.015,,998,,5,,
1/8/26,3:58:52 PM,,,,125,168,16:01:41,122,104,77,385,2.28,1.48,0.51,1.84,1.47,8.63,,12.5,2.2,2,0.094,176,0.84,,995,,5,,
1/8/26,4:12:16 PM,,,,125,169,16:14:09,122,116,86,385,2.27,1.64,0.51,1.84,1.31,8.63,,12.5,2.6,2,0.07,176,1.22,,998,,5,,
1/8/26,4:26:32 PM,,,,125,170,16:28:49,122,128,93,385,2.27,1.79,0.51,1.84,1.3,8.63,,12.5,2.48,2,0.073,176,1.44,,992,,5,,
1/8/26,4:50:14 PM,,,,125,171,16:52:54,122,140,100,385,2.26,1.95,0.52,1.84,1.25,8.63,,12.5,2.6,2,0.086,176,1.7,,999,,5,,
1/8/26,4:58:29 PM,,adjusting bias to get stability,,125,172,17:01:02,122,140,100,340,2.26,1.95,0.52,1.62,1.32,8.63,,12.5,2.4,2,0.063,135,1.56,,997,,5,,
1/8/26,5:06:36 PM,,"negative bias usually indicates instability, but not always",,125,173,17:08:41,122,128,93,340,2.27,1.8,0.52,1.62,1.31,8.63,,12.5,2.25,2,0.06,135,1.19,,995,,5,,
1/8/26,5:14:50 PM,,,,125,174,17:17:09,122,116,86,340,2.27,1.64,0.51,1.62,1.38,8.63,,12.5,2.1,2,0.056,135,0.91,,999,,5,,
1/8/26,5:22:01 PM,,,,125,175,17:24:24,122,104,77,340,2.28,1.49,0.51,1.62,1.44,8.63,,12.5,1.948,2,0.042,135,0.66,,1000,,5,,
1/8/26,5:31:59 PM,,"starting around here, the total counts have been higher than input counts. lots of stuff at very low energy that probably needs to be filtered out",,125,176,17:35:37,122,92,68,340,2.28,1.33,0.51,1.62,1.45,8.63,,12.5,1.73,2,0.036,189,-0.09,,998,,5,,
1/8/26,5:46:29 PM,,,,125,177,17:49:58,122,92,68,295,2.28,1.33,0.51,1.41,1.45,8.63,,12.5,1.75,2,0.031,189,-0.16,,1003,,5,,
1/8/26,5:59:44 PM,,,,125,178,18:03:59,122,104,77,295,2.28,1.49,0.51,1.41,1.49,8.63,,12.5,1.6,2,0.034,189,-0.13,,1007,,5,,
1/8/26,6:11:02 PM,,,,125,179,18:13:30,122,116,86,295,2.27,1.64,0.51,1.41,1.33,8.63,,12.5,2.339,2,0.078,189,1.16,,1007,,6,,
1/8/26,6:23:23 PM,,,,125,180,18:26:02,122,128,93,295,2.27,1.79,0.51,1.41,1.34,8.63,,12.5,2.23,2,0.062,189,1.38,,1006,,5,,
1/8/26,6:34:43 PM,,,,125,181,18:37:29,122,140,100,295,2.26,1.95,0.52,1.41,1.28,8.63,,12.5,2.27,2,0.043,174,1.66,,1006,,5,,
1/9/26,10:22:50 AM,SDD,Bmin vs Bext; ONLY OXYGEN,,125,182,10:24:57,122,145,150,295,2.18,1.91,0.21,1.41,1.73,8.63,0,12.5,0.996,2,0.032,105,-0.175,,992,,5,,
1/9/26,10:38:03 AM,,,WITH XENON,125,183,10:41:13,122,145,150,295,2.18,1.91,0.21,1.41,1.67,8.63,6.98,12.5,0.972,2,-0.008,105,-0.16,,986,,5,,
1/9/26,11:13:19 AM,,,,125,184,11:14:59,121,143.5,137,295,2.18,1.91,0.29,1.41,1.44,8.63,6.98,12.5,1.457,2,-0.01,105,-0.16,,992,,5,,
1/9/26,11:24:25 AM,,,,125,185,11:28:33,120,141,122,295,2.19,1.91,0.37,1.41,1.4,8.63,6.98,12.5,1.548,2,-0.01,105,0.23,,983,,5,,
1/9/26,11:48:55 AM,,can i make Bmin higher here? more than 0.61,,125,186,11:50:33,119,139.5,108,295,2.19,1.92,0.45,1.41,1.25,8.63,6.98,12.5,1.9,2,-0.003,105,1.13,,989,,5,,
1/9/26,11:58:14 AM,,"after adding Xe, make sure spectra look like janilee's",,125,187,12:00:14,117.5,138,95,295,2.19,1.93,0.53,1.41,1.32,8.63,6.98,12.5,1.693,2,-0.01,105,1.09,,990,,5,,
1/9/26,12:07:16 PM,,see effect on plasma size (Extr I) with other parameters,,125,188,12:09:20,116,135.5,80,295,2.18,1.92,0.61,1.41,1.35,8.63,6.98,12.5,1.489,2,-0.011,105,1.06,,985,,5,,
1/9/26,12:24:37 PM,,,,125,189,12:27:12,122,130,141,295,2.18,1.71,0.2,1.41,1.71,8.63,6.98,12.5,1.127,2,-0.002,105,-0.16,,992,,5,,
1/9/26,12:34:37 PM,,,,125,190,12:38:12,121,128.5,126.5,295,2.19,1.72,0.29,1.41,1.43,8.63,6.98,12.5,1.393,2,-0.011,105,-0.16,,986,,5,,
1/9/26,12:41:12 PM,,,,125,191,12:43:46,119.5,126.5,112.5,295,2.18,1.73,0.37,1.41,1.37,8.63,6.98,12.5,1.313,2,-0.012,105,-0.16,,986,,5,,
1/9/26,12:52:05 PM,,,,125,192,12:54:09,118.5,124.5,98,295,2.19,1.73,0.45,1.41,1.41,8.63,6.98,12.5,1.497,2,-0.009,105,-0.16,,986,,5,,
1/9/26,1:02:40 PM,,,,125,193,13:06:35,116.8,122.5,84,295,2.18,1.73,0.52,1.41,1.44,8.63,6.98,12.5,1.35,2,-0.009,105,-0.13,,991,,5,,
1/9/26,1:27:59 PM,,,,125,194,13:31:39,116,120,69,295,2.19,1.72,0.61,1.41,1.46,8.63,6.98,12.5,1.169,2,0.09,105,-0.13,,989,,5,,
1/9/26,1:49:09 PM,,,,125,195,13:51:23,115.5,104,58,295,2.19,1.52,0.61,1.41,1.41,8.63,6.98,12.5,1.367,2,0.061,105,0.25,,987,,5,,
1/9/26,2:01:33 PM,,,,125,196,14:03:54,116.5,106,70.5,295,2.19,1.52,0.54,1.41,1.37,8.63,6.98,12.5,1.771,2,0.074,105,0.78,,985,,5,,
1/9/26,2:15:40 PM,,,,125,197,14:18:25,118,107.5,85.5,295,2.19,1.51,0.45,1.41,1.23,8.63,6.98,12.5,2.045,2,0.093,105,0.75,,992,,5,,
1/9/26,2:23:27 PM,,,,125,198,14:25:32,119,110,99,295,2.19,1.52,0.38,1.41,1.16,8.63,6.98,12.5,2.491,2,0.154,105,0.81,,990,,6,,
1/9/26,2:34:10 PM,,,,125,199,14:36:15,120,112,114,295,2.18,1.52,0.29,1.41,1.08,8.63,6.98,12.5,2.805,2,0.185,105,0.96,,985,,5,,
1/9/26,2:45:35 PM,,,,125,200,14:47:48,121.5,114,128,295,2.19,1.52,0.22,1.41,1.2,8.63,6.98,12.5,2,2,0.153,105,0.81,,988,,5,,
1/9/26,2:54:58 PM,,,,125,201,14:57:10,121.5,99,120.5,295,2.18,1.32,0.2,1.41,1.3,8.63,6.98,12.5,1.72,2,0.155,105,0.69,,985,,5,,
1/9/26,3:05:23 PM,,,,125,202,15:07:40,120.5,97,105,295,2.19,1.32,0.29,1.41,1.04,8.63,6.98,12.5,2.67,2,0.148,105,0.81,,991,,5,,
1/9/26,3:11:47 PM,,,,125,203,15:13:53,119,95,90.5,295,2.19,1.32,0.37,1.41,1.06,8.63,6.98,12.5,2.4,2,0.081,105,0.63,,988,,5,,
1/9/26,3:19:22 PM,,,,125,204,15:21:20,117.5,93,76,295,2.18,1.32,0.45,1.41,1.14,8.63,6.98,12.5,2,2,0.05,105,0.61,,986,,5,,
1/9/26,3:29:56 PM,,,,125,205,15:32:04,116,90.5,60,295,2.18,1.32,0.53,1.41,1.23,8.63,6.98,12.5,1.8,2,0.054,161,0.77,,989,,5,,
1/9/26,3:37:29 PM,,,,125,206,15:40:07,115,89,47,295,2.18,1.33,0.61,1.41,1.3,8.63,6.98,12.5,1.56,2,0.041,93,0.53,,986,,5,,
1/9/26,3:54:18 PM,,,,125,207,15:57:39,115,72,37,295,2.19,1.11,0.6,1.41,1.54,8.63,6.98,12.5,1.3,2,0.054,105,-0.16,,988,,6,,
1/9/26,4:23:10 PM,,"very unstable source, took averages of everything; no data; tripped klystron twice so skipped",,125,,,116,73,49,295,2.19,1.1,0.53,1.41,1.6,8.63,6.98,12.5,1.75,2,0.07,143,-0.13,,988,,5,,
1/9/26,4:41:38 PM,,,,125,208,16:44:00,117,75,61,295,2.19,1.1,0.46,1.41,1.35,8.63,6.98,12.5,1.7,2,0.047,143,-0.13,,989,,5,,
1/9/26,4:49:13 PM,,,,125,209,16:51:09,118,77,75.5,295,2.18,1.1,0.38,1.41,1.26,8.63,6.98,12.5,1.9,2,0.1,143,-0.16,,991,,5,,
1/9/26,4:57:22 PM,,,,125,210,16:59:22,120,80,91,295,2.19,1.11,0.3,1.41,1.27,8.63,6.98,12.5,1.9,2,0.1,143,-0.13,,991,,6,,
1/9/26,5:07:56 PM,,,,125,211,17:10:06,121,81.5,106,295,2.19,1.1,0.21,1.41,1.38,8.63,6.98,12.5,1.62,2,0.121,143,-0.13,,992,,5,,
1/10/26,1:24:02 PM,SDD,18 vs 28 ratios,,125,212,13:31:25,185,151,149,430,3.39,2.09,0.53,2.05,1.24,8.63,0,12.5,1.811,2,--0.013,143,-0.16,0,498,,2,,
1/10/26,1:37:47 PM,,,WITH XENON,125,213,13:39:59,185,151,149,430,3.39,2.09,0.53,2.05,1.2,8.63,6.99,12.5,1.817,2,-0.013,143,-0.19,,498,,2,,
1/10/26,2:15:54 PM,,,,125,214,14:18:06,185,151,149,430,3.39,2.09,0.53,2.05,1.23,8.63,6.99,12.5,2.064,2,-0.011,143,-0.16,0,1012,,5,,
1/10/26,2:58:11 PM,,,,125,215,15:00:40,185,151,149,430,3.39,2.09,0.53,2.05,1.29,8.63,6.99,12.5,2.181,2,-0.009,143,-0.16,0,1479,,10,,
1/10/26,3:12:53 PM,,,,125,216,15:15:29,185,151,149,430,3.39,2.09,0.53,2.05,1.38,8.63,6.99,12.5,2.248,2,-0.011,143,-0.16,493,1479,,10,,
1/10/26,3:21:19 PM,,,,125,217,15:24:44,185,151,149,430,3.39,2.09,0.53,2.05,1.35,8.63,6.99,12.5,2.495,2,-0.012,143,-0.16,994,1484,,10,,
1/10/26,3:27:34 PM,,,,125,218,15:30:28,185,151,149,430,3.39,2.09,0.53,2.05,1.39,8.63,6.99,12.5,2.448,2,-0.011,143,-0.16,1497,1480,,10,,
1/10/26,3:35:22 PM,,,,125,219,15:37:53,185,151,149,430,3.39,2.09,0.53,2.05,1.42,8.63,6.99,12.5,2.431,2,-0.011,143,-0.16,1743,1721,,12,,
1/10/26,3:42:21 PM,,,,125,220,15:43:51,185,151,149,430,3.39,2.09,0.53,2.05,1.49,8.63,6.99,12.5,2.462,2,-0.011,143,-0.13,1998,1721,,12,,
1/10/26,3:47:18 PM,,,,125,221,15:51:26,185,151,149,430,3.39,2.09,0.53,2.05,1.56,8.63,6.99,12.5,2.667,2,-0.01,143,-0.16,2504,1719,,12,,
1/10/26,4:00:09 PM,,,,125,222,16:03:14,185,151,149,430,3.39,2.09,0.53,2.05,1.57,8.63,6.99,12.5,2.743,2,0.042,143,-0.16,2993,1725,,12,,
1/10/26,4:12:16 PM,,,,125,223,16:15:04,185,151,149,430,3.39,2.09,0.53,2.05,1.62,8.63,6.99,12.5,2.8,2,0.008,143,-0.16,3499,1723,,12,,
1/10/26,4:17:40 PM,,,,125,224,16:22:44,185,151,149,430,3.39,2.09,0.53,2.05,1.71,8.63,6.99,12.5,2.912,2,0.034,143,-0.16,4012,1528,,11,,
1/10/26,4:25:36 PM,,,,125,225,16:27:38,185,151,149,430,3.39,2.09,0.53,2.05,1.87,8.63,6.99,12.5,2.929,2,0.008,143,-0.13,4516,1521,,11,,
1/10/26,4:30:43 PM,,,,125,226,16:32:48,185,151,149,430,3.39,2.09,0.53,2.05,1.96,8.63,6.99,12.5,2.915,2,0.015,143,-0.16,5021,1526,,11,,
1/10/26,4:34:25 PM,,,,125,227,16:36:26,185,151,149,430,3.39,2.09,0.53,2.05,2.01,8.63,6.99,12.5,2.745,2,0.014,143,-0.16,5479,1519,,10,,
1/10/26,4:37:24 PM,,,,125,228,16:39:38,185,151,149,430,3.39,2.09,0.53,2.05,2.03,8.63,6.99,12.5,2.71,2,0.013,143,-0.13,5518,1013,,6,,
1/10/26,4:41:23 PM,,,,125,229,16:43:26,185,151,149,430,3.39,2.09,0.53,2.05,1.75,8.63,6.99,12.5,2.691,2,0.017,143,-0.16,4973,1009,,6,,
1/10/26,4:45:04 PM,,,,125,230,16:47:05,185,151,149,430,3.39,2.09,0.53,2.05,1.49,8.63,6.99,12.5,2.579,2,0.018,143,-0.016,4496,1013,,6,,
1/10/26,4:48:29 PM,,,,125,231,16:50:31,185,151,149,430,3.39,2.09,0.53,2.05,1.43,8.63,6.99,12.5,2.627,2,0.014,143,-0.16,3987,1012,,6,,
1/10/26,4:54:06 PM,,,,125,232,16:56:38,185,151,149,430,3.39,2.09,0.53,2.05,1.31,8.63,6.99,12.5,2.591,2,0.016,143,-0.16,3509,1006,,6,,
1/10/26,4:59:49 PM,,,,125,233,17:01:49,185,151,149,430,3.39,2.09,0.53,2.05,1.27,8.63,6.99,12.5,2.444,2,0.01,143,-0.13,2993,1009,,6,,
1/10/26,5:05:44 PM,,,,125,234,17:08:12,185,151,149,430,3.39,2.09,0.53,2.05,1.21,8.63,6.99,12.5,2.32,2,0.016,143,-0.16,2491,1006,,6,,
1/10/26,5:12:21 PM,,,,125,235,17:14:32,185,151,149,430,3.39,2.09,0.53,2.05,1.17,8.63,6.99,12.5,2.145,2,0.006,143,-0.16,1991,1008,,6,,
1/10/26,5:17:30 PM,,,,125,236,17:19:44,185,151,149,430,3.39,2.09,0.53,2.05,1.15,8.63,6.99,12.5,2.202,2,0.08,143,-0.13,1501,1479,,10,,
1/10/26,5:22:30 PM,,,,125,237,17:24:31,185,151,149,430,3.39,2.09,0.53,2.05,1.16,8.63,6.99,12.5,2.12,2,0.002,143,-0.16,1509,1007,,5,,
1/10/26,5:26:42 PM,,,,125,238,17:28:54,185,151,149,430,3.39,2.09,0.53,2.05,1.12,8.63,6.99,12.5,2.053,2,0.006,143,-0.16,1000,1015,,6,,
1/10/26,5:31:07 PM,,,,125,239,17:34:21,185,151,149,430,3.39,2.09,0.53,2.05,1.12,8.63,6.99,12.5,1.849,2,0.009,143,-0.16,496,1007,,5,,
1/10/26,5:40:14 PM,,,,125,240,17:40:33,185,151,149,430,3.39,2.09,0.53,2.05,1.13,8.63,6.99,12.5,1.91,2,0.003,143,-0.16,500,504,,2,,
1/10/26,5:45:55 PM,,,,125,241,17:48:11,185,151,149,430,3.39,2.09,0.53,2.05,1.16,8.63,6.99,12.5,1.97,2,0.001,143,-0.13,499,0,,0,,
1/10/26,5:51:59 PM,,,,125,242,17:54:37,185,151,149,430,3.39,2.09,0.53,2.05,1.18,8.63,6.99,12.5,2.03,2,0.004,143,-0.16,996,0,,0,,
1/10/26,5:57:47 PM,,,,125,243,17:59:47,185,151,149,430,3.39,2.09,0.53,2.05,1.24,8.63,6.99,12.5,2.02,2,0.012,143,-0.16,1507,0,,0,,
1/10/26,6:10:19 PM,,"taking a set with everything VENUS off. magnets are in the course of ramping down. should probably background subtract with this set, or remove any counts below this threshold",,125,244,,164,124,69,303,3.09,1.83,0.86,1.4,0.5,0,0,0,0,0,0,0,0,0,0,0,0,,
1/10/26,6:12:10 PM,,another set of background,,125,245,,,,,,,,,,,,,,,,,,,,,,,,
1/10/26,6:14:50 PM,,background #3,,125,246,,,,,,,,,,,,,,,,,,,,,,,,
1/10/26,6:16:56 PM,,"tuned fast/slow thresholds before this, now total counts is LOWER than input counts, as it should be. these are good settings for more data with this detector",,125,247,,,,,,,,,,,,,,,,,,,,,,,,
,,,,,,,,,,,,,,,,,,,,,,,,,,,,,,
,,,,,,,,,,,,,,,,,,,,,,,,,,,,,,
,"per janilee, bias disk stopped reading current jan9",,,,,,,,,,,,,,,,,,,,,,,,,,,,,
,I think when I tripped klystron twice ,,,,,,,,,,,,,,,,,,,,,,,,,,,,,