file,livetime,datetime,gain,gain_formula,fast_count,slow_count,raw_data_length,peak_energy_keV,fit_range_min_keV,fit_range_max_keV,fit_points,fit_r_squared,fit_mean_squared_error,fit_residual_std_error,fit_slope,fit_slope_error,alpha,alpha_error,fit_intercept_beta,fit_intercept_beta_error,spectral_temperature,spectral_temperature_error,spectral_temperature_error_type,plot_file,fit_status,csd,O8+_beam_current,O8+_batman_current,O8+_mq,O7+_beam_current,O7+_batman_current,O7+_mq,O6+_beam_current,O6+_batman_current,O6+_mq,O5+_beam_current,O5+_batman_current,O5+_mq,O4+_beam_current,O4+_batman_current,O4+_mq,O3+_beam_current,O3+_batman_current,O3+_mq,O2+_beam_current,O2+_batman_current,O2+_mq,Comments,Action,CSD,Inj (A),Extr (A),Cent (A),Sext (A),Inj (T),Extr (T),Cent (T),Sext (T),Inj Pres (-7),Oxygen %,Xenon %,Extr HV,Extr I,Puller HV,Puller I,Bias V,Bias I,28 GHz,18 GHz,Total Power,28/18 Ratio
Run001.mca,119.844,9/12/2026 17:57,10.003344,9.84 x 1.0166,13143,13127,1024,127.0680049,129.1646533,249.7219385,230,0.652261414,0.11983275,0.347683641,-0.013606796,0.000657967,0.013606796,0.000657967,1.958874129,0.126584788,73.49268781,3.553794458,1-sigma propagated from slope standard error,Run001_analysis.png,ok,csd_1789261201,0.000176425,52.671,2.043998606,0.000277182,56.977,2.354716589,4.19E-06,60.598,2.696153317,4.39E-06,65.586,2.999531788,3.28E-06,76.103,4.300977504,2.63E-06,86.412,5.566686282,7.20E-05,100.154,7.547528478,"28 GHz fields, tuned up big stable O6+",,18:00:01,185,142,150,430,3.38,1.96,0.48,2.05,0.988,11.8,,12.5,2.75,2,0.063,37,3.1,5496,1783,7279,3.08
Run002.mca,119.748,9/12/2026 18:27,10.003344,9.84 x 1.0166,3387,3380,1024,116.5847627,118.6814112,227.1829678,200,0.313581201,0.217499741,0.468718154,-0.010238676,0.001076541,0.010238676,0.001076541,0.011851007,0.187240664,97.66888054,10.26935554,1-sigma propagated from slope standard error,Run002_analysis.png,ok,csd_1789263025,7.59E-05,52.589,2.038473513,0.000219193,56.901,2.347207488,2.84E-06,60.451,2.687212532,4.52E-06,65.522,2.995639201,4.35E-06,75.928,4.280199964,2.28E-06,86.367,5.560199752,9.19E-05,99.933,7.515672407,28 GHz fields,total power 1850,18:30:25,185,142,150,430,3.38,1.96,0.48,2.05,0.858,11.8,,12.5,2.52,2,0.063,51,3.5,925,925,1850,1
Run003.mca,120,9/12/2026 19:16,10.003344,9.84 x 1.0166,3449,3449,1024,127.0680049,129.6888154,229.2796163,176,0.338313191,0.20428833,0.454572846,-0.011216109,0.001189144,0.011216109,0.001189144,0.190408693,0.213511906,89.15747693,9.452570347,1-sigma propagated from slope standard error,Run003_analysis.png,ok,csd_1789265924,4.61E-05,52.586,2.038271375,0.000180672,56.898,2.346911076,2.00E-06,60.524,2.691652513,0.000188549,70.092,3.40657277,4.89E-06,75.924,4.279725049,2.23E-06,86.416,5.567262862,9.95E-05,100.113,7.541618528,,,19:18:14,185,142,150,430,3.38,1.96,0.48,2.05,0.843,11.8,,12.5,2.26,2,0.061,51,3.57,1234,616,1850,2
Run004.mca,119.928,9/12/2026 19:20,10.003344,9.84 x 1.0166,3186,3184,1024,121.3022217,123.9230322,215.6514014,171,0.343343434,0.228450331,0.480784655,-0.013274393,0.001412135,0.013274393,0.001412135,0.444332087,0.240872979,75.33301184,8.013952254,1-sigma propagated from slope standard error,Run004_analysis.png,ok,csd_1789266227,5.33E-05,52.585,2.038203996,0.000169331,56.978,2.354815393,1.64E-06,60.446,2.686908423,0.000158245,70.09,3.406231327,4.45E-06,75.922,4.279487592,2.13E-06,86.36,5.559190736,0.000109996,99.972,7.521294067,,,19:23:47,185,142,150,430,3.38,1.96,0.48,2.05,0.884,11.8,,12.5,2.179,2,0.056,51,3.44,1546,312,1858,4.96
Run005.mca,120,9/12/2026 19:25,10.003344,9.84 x 1.0166,2810,2810,1024,127.0680049,130.7371397,244.4803174,187,0.25217629,0.251906094,0.504608168,-0.00923757,0.001169552,0.00923757,0.001169552,-0.41493016,0.216296363,108.2535763,13.70578383,1-sigma propagated from slope standard error,Run005_analysis.png,ok,csd_1789266468,7.39E-05,52.585,2.038203996,0.000184631,56.978,2.354815393,1.67E-06,60.523,2.691591692,3.16E-06,65.517,2.995335093,3.87E-06,75.922,4.279487592,1.97E-06,86.36,5.559190736,9.57E-05,100.018,7.527924742,,,19:27:48,185,142,150,430,3.38,1.96,0.48,2.05,0.935,11.8,,12.5,2.2,2,0.07,43,3.2,1669,169,1838,9.88
Run006.mca,120,9/12/2026 19:29,10.003344,9.84 x 1.0166,2832,2832,1024,107.6740069,109.7706553,234.5212373,226,0.347516566,0.220447106,0.471609355,-0.009739908,0.000891719,0.009739908,0.000891719,-0.301750511,0.154296359,102.6703749,9.39978949,1-sigma propagated from slope standard error,Run006_analysis.png,ok,csd_1789266713,0.000108498,52.585,2.038203996,0.000233676,56.978,2.354815393,1.86E-06,60.523,2.691591692,3.18E-06,65.517,2.995335093,3.35E-06,75.983,4.286730048,1.73E-06,86.307,5.551551045,9.09E-05,99.925,7.514519246,,,19:31:53,185,142,150,430,3.38,1.96,0.48,2.05,0.94,11.8,,12.5,2.365,2,0.066,38,1.66,1732,124,1856,13.97
Run007.mca,119.844,9/12/2026 19:34,10.003344,9.84 x 1.0166,2406,2403,1024,143.3170303,193.1124307,214.6030772,37,0.457129997,0.127175806,0.36666469,-0.052335693,0.009640333,0.052335693,0.009640333,8.494285137,1.965020488,19.10741881,3.519622317,1-sigma propagated from slope standard error,Run007_analysis.png,ok,csd_1789267028,5.73E-05,52.585,2.038203996,0.000194381,56.978,2.354815393,2.21E-06,60.446,2.686908423,4.20E-06,65.446,2.991016755,4.60E-06,75.922,4.279487592,2.06E-06,86.467,5.574614263,0.000122519,100.11,7.541186093,28 GHz fields,total power 1350,19:37:08,185,142,150,430,3.38,1.96,0.48,2.05,0.843,11.8,,12.5,2.357,2,0.071,47,3.1,675,666,1341,1.01
Run008.mca,119.844,9/12/2026 19:39,10.003344,9.84 x 1.0166,2394,2391,1024,135.4545987,178.9600537,202.0231866,38,0.218218468,0.317363782,0.578787615,-0.043404897,0.013692553,0.043404897,0.013692553,5.784894494,2.600946007,23.03887534,7.267867095,1-sigma propagated from slope standard error,Run008_analysis.png,ok,csd_1789267281,4.87E-05,52.582,2.038001859,0.000181385,56.975,2.354518981,1.95E-06,60.52,2.691409227,4.04E-06,65.443,2.99083429,4.76E-06,75.918,4.279012676,2.10E-06,86.356,5.558614155,0.000104602,100.013,7.527204017,,,19:41:21,185,142,150,430,3.38,1.96,0.48,2.05,0.85,11.8,,12.5,2.222,2,0.08,47,3.03,900,455,1355,1.98
Run009.mca,119.952,9/12/2026 19:43,10.003344,9.84 x 1.0166,2419,2418,1024,120.7780596,123.3988701,216.1755635,170,0.270354583,0.204289534,0.454666419,-0.010401471,0.001318345,0.010401471,0.001318345,-0.319960379,0.224486016,96.14024377,12.18539578,1-sigma propagated from slope standard error,Run009_analysis.png,ok,csd_1789267565,5.71E-05,52.585,2.038203996,0.000175562,56.897,2.346812272,1.58E-06,60.523,2.691591692,3.42E-06,65.517,2.995335093,4.18E-06,75.983,4.286730048,1.95E-06,86.414,5.566974572,0.000108739,99.972,7.521294067,,,19:46:05,185,142,150,430,3.38,1.96,0.48,2.05,0.88,11.8,,12.5,2.163,2,0.066,47,3,1122,227,1349,4.94
Run010.mca,119.892,9/12/2026 19:47,10.003344,9.84 x 1.0166,2271,2269,1024,121.8263838,151.703624,186.8224854,66,0.241453316,0.267546103,0.525268425,-0.028062384,0.006217405,0.028062384,0.006217405,2.502456372,1.055346926,35.63489141,7.895143396,1-sigma propagated from slope standard error,Run010_analysis.png,ok,csd_1789267763,6.94E-05,52.582,2.038001859,0.000193764,56.975,2.354518981,1.52E-06,60.52,2.691409227,3.07E-06,65.513,2.995091806,3.90E-06,75.918,4.279012676,1.88E-06,86.41,5.566397992,0.000103861,100.059,7.533834692,,,19:49:23,185,142,150,430,3.38,1.96,0.48,2.05,0.917,11.8,,12.5,2.134,2,0.068,41,3.03,1223,123,1346,9.94
Run011.mca,119.94,9/12/2026 19:51,10.003344,9.84 x 1.0166,2080,2079,1024,120.2538975,173.1942705,209.8856182,61,0.241371319,0.184143271,0.436331772,-0.022508351,0.005195047,0.022508351,0.005195047,1.904887155,0.994843252,44.42795465,10.25420774,1-sigma propagated from slope standard error,Run011_analysis.png,ok,csd_1789267998,6.75E-05,52.587,2.038338755,0.000189428,56.9,2.347108684,1.54E-06,60.526,2.691774157,3.03E-06,65.52,2.995517558,3.90E-06,75.926,4.279962507,1.95E-06,86.418,5.567551153,0.000106488,100.023,7.528645468,,,19:53:18,185,142,150,430,3.38,1.96,0.48,2.05,0.944,11.8,,12.5,2.149,2,0.07,41,3.07,1272,91,1363,13.98
Run012.mca,119.94,9/12/2026 19:56,10.003344,9.84 x 1.0166,2071,2070,1024,130.2129776,143.3170303,192.5882686,90,0.163281146,0.262184842,0.517825828,-0.015627221,0.003771049,0.015627221,0.003771049,0.418529734,0.633495356,63.99090414,15.44182649,1-sigma propagated from slope standard error,Run012_analysis.png,ok,csd_1789268291,5.51E-05,52.583,2.038069238,0.000184095,56.895,2.346614665,1.98E-06,60.445,2.686847602,3.90E-06,65.444,2.990895111,4.47E-06,75.92,4.279250134,2.02E-06,86.412,5.566686282,0.000105382,99.969,7.520861631,28 GHz fields,total power 1152,19:58:11,185,142,150,430,3.38,1.96,0.48,2.05,0.86,11.8,,12.5,2.23,2,0.08,41,2.8,576,565,1141,1.02
Run013.mca,119.832,9/12/2026 20:00,10.003344,9.84 x 1.0166,2090,2087,1024,132.8337881,174.7667569,195.2090791,35,0.240822001,0.262963321,0.528110302,-0.048315108,0.014933091,0.048315108,0.014933091,6.531092374,2.753936629,20.69745967,6.397109753,1-sigma propagated from slope standard error,Run013_analysis.png,ok,csd_1789268561,6.20E-05,52.585,2.038203996,0.000201093,56.897,2.346812272,1.80E-06,60.446,2.686908423,0.000174936,70.09,3.406231327,4.42E-06,75.922,4.279487592,1.88E-06,86.414,5.566974572,5.14E-06,101.305,7.713439508,,,20:02:41,185,142,150,430,3.38,1.96,0.48,2.05,0.878,11.8,,12.5,2.191,2,0.05,41,2.69,756,388,1144,1.95
Run014.mca,119.94,9/12/2026 20:04,10.003344,9.84 x 1.0166,2029,2028,1024,118.6814112,120.7780596,249.1977764,206,0.157317868,0.266048526,0.518321179,-0.006430774,0.001042056,0.006430774,0.001042056,-1.113838358,0.187946858,155.5022778,25.197911,1-sigma propagated from slope standard error,Run014_analysis.png,ok,csd_1789268883,6.48E-05,52.674,2.044200743,0.000187803,56.979,2.354914197,1.45E-06,60.448,2.687030067,3.16E-06,65.518,2.995395915,3.93E-06,75.924,4.279725049,1.86E-06,86.363,5.559623171,3.87E-06,101.49,7.740106354,,,20:08:03,185,142,150,430,3.38,1.96,0.48,2.05,0.914,11.8,,12.5,2.06,2,0.069,41,2.66,962,193,1155,4.98
Run015.mca,119.868,9/12/2026 20:10,10.003344,9.84 x 1.0166,1858,1856,1024,134.4062744,143.3170303,165.3318389,41,0.27417328,0.184613002,0.440545497,-0.040038758,0.010431631,0.040038758,0.010431631,3.980825007,1.613323672,24.97579979,6.507152919,1-sigma propagated from slope standard error,Run015_analysis.png,ok,csd_1789269130,7.06E-05,52.581,2.03793448,0.000198287,56.892,2.346318253,1.45E-06,60.518,2.691287583,3.05E-06,65.441,2.990712646,3.99E-06,75.917,4.278893948,1.89E-06,86.407,5.565965556,0.000113619,100.01,7.526771581,,,20:12:10,185,142,150,430,3.38,1.96,0.48,2.05,0.933,11.8,,12.5,2.105,2,0.06,41,2.6,1050,104,1154,10.1
Run016.mca,119.736,9/12/2026 20:13,10.003344,9.84 x 1.0166,1854,1850,1024,128.6404912,139.6478955,227.1829678,138,0.108070518,0.216495197,0.46869921,-0.006607769,0.001627785,0.006607769,0.001627785,-1.148506915,0.293176653,151.3370074,37.28098101,1-sigma propagated from slope standard error,Run016_analysis.png,ok,csd_1789269371,7.11E-05,52.586,2.038271375,0.000193984,56.979,2.354914197,1.51E-06,60.448,2.687030067,3.14E-06,65.448,2.991138398,4.19E-06,75.924,4.279725049,1.94E-06,86.416,5.567262862,0.000109368,99.974,7.521582357,,,20:16:11,185,142,150,430,3.38,1.96,0.48,2.05,0.942,11.8,,12.5,2.152,2,0.08,41,2.5,1080,75,1155,14.4
Run017.mca,120,9/12/2026 20:24,10.003344,9.84 x 1.0166,1144,1145,1024,108.198169,168.4768116,200.9748623,46,0.324827037,0.150756896,0.397000608,-0.026572846,0.005775548,0.026572846,0.005775548,2.248585331,1.063897534,37.63240155,8.179316846,1-sigma propagated from slope standard error,Run017_analysis.png,ok,csd_1789270042,4.15E-05,52.583,2.038069238,0.000164645,56.977,2.354716589,1.48E-06,60.521,2.691470048,3.59E-06,65.444,2.990895111,4.44E-06,75.92,4.279250134,1.77E-06,86.358,5.558902446,0.000108113,100.015,7.527492307,28 GHz fields,total power 640,20:27:22,185,142,150,430,3.38,1.96,0.48,2.05,0.849,11.8,,12.5,2.165,2,0.029,41,2.3,323,317,640,1.02
Run018.mca,120,9/12/2026 20:29,10.003344,9.84 x 1.0166,1125,1126,1024,101.9082236,113.4397901,148.5586514,66,0.119926045,0.238902951,0.496355385,-0.01788386,0.006055836,0.01788386,0.006055836,-0.313167965,0.792877787,55.91634168,18.93440193,1-sigma propagated from slope standard error,Run018_analysis.png,ok,csd_1789270322,3.81E-05,52.586,2.038271375,0.000154753,56.898,2.346911076,1.30E-06,60.448,2.687030067,2.92E-06,65.518,2.995395915,4.16E-06,75.924,4.279725049,1.80E-06,86.363,5.559623171,0.000111191,99.974,7.521582357,,,20:32:02,185,142,150,430,3.38,1.96,0.48,2.05,0.887,11.8,,12.5,2.018,2,0.8,41,2.25,424,215,639,1.97
Run019.mca,119.88,9/12/2026 20:34,10.003344,9.84 x 1.0166,1040,1039,1024,124.9713565,162.1868662,188.3949717,38,0.137385173,0.184706204,0.441551424,-0.022505433,0.009398848,0.022505433,0.009398848,1.087172805,1.647146306,44.43371519,18.55666393,1-sigma propagated from slope standard error,Run019_analysis.png,ok,csd_1789270601,4.17E-05,52.586,2.038271375,0.000150944,56.979,2.354914197,1.30E-06,60.524,2.691652513,3.19E-06,65.448,2.991138398,3.96E-06,75.924,4.279725049,1.75E-06,86.363,5.559623171,0.000112161,100.021,7.528357178,,,20:36:41,185,142,150,430,3.38,1.96,0.48,2.05,0.912,11.8,,12.5,2.06,2,0.06,60,2.1,536,107,643,5.01
Run020.mca,119.88,9/12/2026 20:39,10.003344,9.84 x 1.0166,960,959,1024,129.6888154,200.4507002,244.4803174,29,0.374978024,0.068648991,0.27154024,0.015320848,0.003806674,-0.015320848,0.003806674,-6.125175428,0.842996302,-65.2705387,16.217356,1-sigma propagated from slope standard error,Run020_analysis.png,ok,csd_1789270871,4.77E-05,52.586,2.038271375,0.000155719,56.898,2.346911076,1.18E-06,60.524,2.691652513,3.01E-06,65.448,2.991138398,3.88E-06,75.924,4.279725049,1.67E-06,86.363,5.559623171,0.000110096,100.159,7.548249204,,,20:41:11,185,142,150,430,3.38,1.96,0.48,2.05,0.914,11.8,,12.5,1.996,2,0.07,60,2,590,58,648,10.17
Run021.mca,119.772,9/12/2026 20:43,10.003344,9.84 x 1.0166,1074,1072,1024,132.309626,171.0976221,191.5399444,30,0.198204889,0.140892557,0.388530965,-0.033204338,0.0126209,0.033204338,0.0126209,3.249428145,2.284656471,30.11654674,11.44723708,1-sigma propagated from slope standard error,Run021_analysis.png,ok,csd_1789271134,4.56E-05,52.586,2.038271375,0.000158339,56.979,2.354914197,1.22E-06,60.524,2.691652513,2.95E-06,65.518,2.995395915,3.97E-06,75.985,4.286967506,1.70E-06,86.363,5.559623171,0.00011409,100.067,7.534987853,,,20:45:34,185,142,150,430,3.38,1.96,0.48,2.05,0.915,11.8,,12.5,1.976,2,0.065,64,1.88,597,46,643,12.98
Run022.mca,119.724,9/12/2026 20:47,10.003344,9.84 x 1.0166,1758,1754,1024,121.8263838,193.1124307,230.3279405,53,0.188746394,0.149907625,0.394697803,-0.017954713,0.005212336,0.017954713,0.005212336,1.344444108,1.095594279,55.69568327,16.1687124,1-sigma propagated from slope standard error,Run022_analysis.png,ok,csd_1789271391,4.67E-05,52.585,2.038203996,0.000166459,56.978,2.354815393,1.69E-06,60.523,2.691591692,3.86E-06,65.446,2.991016755,4.66E-06,75.983,4.286730048,1.82E-06,86.414,5.566974572,0.000109448,100.064,7.534555418,28 GHz fields,total power 1000,20:49:51,185,142,150,430,3.38,1.96,0.48,2.05,0.866,11.8,,12.5,2.3,2,0.09,72,2.47,670,331,1001,2.02
Run023.mca,120,9/12/2026 20:52,10.003344,9.84 x 1.0166,1704,1704,1024,137.027085,165.856001,187.3466475,37,0.229872075,0.252469451,0.516620051,-0.042414661,0.013122612,0.042414661,0.013122612,5.06959837,2.319305184,23.57675356,7.294378749,1-sigma propagated from slope standard error,Run023_analysis.png,ok,csd_1789271644,5.36E-05,52.585,2.038203996,0.000170184,56.897,2.346812272,1.42E-06,60.523,2.691591692,3.47E-06,65.517,2.995335093,4.35E-06,75.922,4.279487592,1.78E-06,86.414,5.566974572,0.000114234,100.018,7.527924742,,,20:54:04,185,142,150,430,3.38,1.96,0.48,2.05,0.88,11.8,,12.5,2.16,2,0.079,72,2.28,880,126,1006,6.98
Run024.mca,120,9/12/2026 20:55,10.003344,9.84 x 1.0166,1541,1542,1024,129.6888154,141.2203819,168.4768116,52,0.092422919,0.308642409,0.566558122,-0.022350122,0.009904825,0.022350122,0.009904825,1.014710977,1.533565659,44.74248577,19.82837054,1-sigma propagated from slope standard error,Run024_analysis.png,ok,csd_1789271907,5.25E-05,52.587,2.038338755,0.000168347,56.9,2.347108684,1.37E-06,60.449,2.687090888,0.000161307,70.094,3.406914213,4.36E-06,75.926,4.279962507,1.87E-06,86.365,5.559911461,0.000121418,100.069,7.535276143,,,20:58:27,185,142,150,430,3.38,1.96,0.48,2.05,0.906,11.8,,12.5,2.13,2,0.068,72,2.18,928,77,1005,12.05
Run025.mca,120,9/12/2026 21:02,10.003344,9.84 x 1.0166,4104,4104,1024,122.874708,124.9713565,228.7554541,192,0.436836071,0.167823102,0.411812653,-0.01213951,0.00099996,0.01213951,0.00099996,0.495339504,0.177987441,82.37565063,6.785474558,1-sigma propagated from slope standard error,Run025_analysis.png,ok,csd_1789272281,7.62E-05,52.586,2.038271375,0.00020483,56.898,2.346911076,2.35E-06,60.524,2.691652513,1.61E-06,68.624,3.18430801,4.58E-06,75.985,4.286967506,2.08E-06,86.363,5.559623171,7.84E-05,100.39,7.581546726,28 GHz fields,total power 2500,21:04:41,185,142,150,430,3.38,1.96,0.48,2.05,0.971,11.8,,12.5,2.4,2,0.078,36,3.19,1661,819,2480,2.03
Run026.mca,119.832,9/12/2026 21:06,10.003344,9.84 x 1.0166,3732,3727,1024,119.2055733,123.9230322,244.4803174,205,0.453588633,0.201388004,0.450967983,-0.012466999,0.000960379,0.012466999,0.000960379,0.488213936,0.174321141,80.21176724,6.179009278,1-sigma propagated from slope standard error,Run026_analysis.png,ok,csd_1789272586,0.000115734,52.673,2.044133364,0.000238875,56.978,2.354815393,1.89E-06,60.523,2.691591692,3.47E-06,65.517,2.995335093,3.61E-06,75.983,4.286730048,1.72E-06,86.36,5.559190736,9.27E-05,99.925,7.514519246,,,21:09:46,185,142,150,430,3.38,1.96,0.48,2.05,1.02,11.8,,12.5,2.43,2,0.08,36,2.06,2197,317,2514,6.93
Run027.mca,119.868,9/12/2026 21:12,10.003344,9.84 x 1.0166,3725,3721,1024,129.6888154,134.4062744,240.2870206,183,0.328065982,0.232219728,0.484546893,-0.011301566,0.001202215,0.011301566,0.001202215,0.225101197,0.223658417,88.48330971,9.412495592,1-sigma propagated from slope standard error,Run027_analysis.png,ok,csd_1789272859,0.000132231,52.585,2.038203996,0.000247076,56.978,2.354815393,1.90E-06,60.523,2.691591692,3.35E-06,65.517,2.995335093,3.31E-06,76.044,4.293972505,1.64E-06,86.307,5.551551045,8.91E-05,99.972,7.521294067,,,21:14:19,185,142,150,430,3.38,1.96,0.48,2.05,1.01,11.8,,12.5,2.465,2,0.021,36,1.69,2305,195,2500,11.82
Run028.mca,119.832,9/12/2026 21:20,10.003344,9.84 x 1.0166,6728,6719,1024,114.4881143,117.1089248,246.5769659,245,0.501719584,0.179193753,0.425051289,-0.011358339,0.000726136,0.011358339,0.000726136,0.824845726,0.134408298,88.04103912,5.628444724,1-sigma propagated from slope standard error,Run028_analysis.png,ok,csd_1789273378,9.03E-05,52.673,2.044133364,0.000239388,56.978,2.354815393,3.01E-06,60.523,2.691591692,4.42E-06,65.517,2.995335093,4.21E-06,75.983,4.286730048,2.12E-06,86.414,5.566974572,9.65E-05,100.064,7.534555418,28 GHz fields,total power 4000,21:22:58,185,142,150,430,3.38,1.96,0.48,2.05,1.04,11.8,,12.5,2.528,2,0.047,36,3.44,2665,1315,3980,2.03
Run029.mca,119.832,9/12/2026 21:26,10.003344,9.84 x 1.0166,6536,6527,1024,132.309626,134.9304365,246.0528038,210,0.450769135,0.212898991,0.463622796,-0.013089671,0.001001838,0.013089671,0.001001838,1.118197362,0.192824181,76.39611608,5.847092899,1-sigma propagated from slope standard error,Run029_analysis.png,ok,csd_1789273724,0.000114886,52.673,2.044133364,0.000228694,56.978,2.354815393,2.34E-06,60.523,2.691591692,3.61E-06,65.517,2.995335093,3.66E-06,75.983,4.286730048,1.96E-06,86.307,5.551551045,9.78E-05,99.925,7.514519246,,,21:28:44,185,142,150,430,3.38,1.96,0.48,2.05,1.06,11.8,,12.5,2.53,2,0.055,41,1.6,3502,504,4006,6.95
Run030.mca,119.976,9/12/2026 21:33,10.003344,9.84 x 1.0166,6127,6126,1024,119.7297354,125.4955186,240.2870206,210,0.488033042,0.173752295,0.418835278,-0.012581012,0.000893471,0.012581012,0.000893471,0.969374377,0.163990204,79.48486323,5.644807245,1-sigma propagated from slope standard error,Run030_analysis.png,ok,csd_1789274133,0.00012917,52.586,2.038271375,0.000225039,56.979,2.354914197,2.22E-06,60.524,2.691652513,3.16E-06,65.518,2.995395915,2.98E-06,75.985,4.286967506,1.80E-06,86.363,5.559623171,8.59E-05,100.021,7.528357178,,,21:35:33,185,142,150,430,3.38,1.96,0.48,2.05,1.11,11.8,,12.5,2.31,2,0.051,31,2.47,3682,313,3995,11.76
Run031.mca,119.844,9/12/2026 21:38,10.003344,9.84 x 1.0166,9541,9529,1024,130.2129776,132.309626,248.6736143,221,0.623855819,0.119115939,0.346704133,-0.013257676,0.000695633,0.013257676,0.000695633,1.57045198,0.134225624,75.428001,3.957724867,1-sigma propagated from slope standard error,Run031_analysis.png,ok,csd_1789274479,9.48E-05,52.674,2.044200743,0.00024751,56.979,2.354914197,3.48E-06,60.601,2.696335782,1.85E-06,66.916,3.080424604,4.77E-06,76.046,4.294209963,2.30E-06,86.47,5.575046699,9.67E-05,100.021,7.528357178,28 GHz fields,total power 5500,21:41:19,185,142,150,430,3.38,1.96,0.48,2.05,1.04,11.8,,12.5,2.75,2,0.05,45,3.89,3586,1768,5354,2.03
Run032.mca,119.796,9/12/2026 21:44,10.003344,9.84 x 1.0166,9244,9229,1024,149.0828135,155.8969209,244.4803174,169,0.499036701,0.210445564,0.461482254,-0.017807839,0.001380669,0.017807839,0.001380669,2.383859464,0.278441626,56.15504402,4.353787705,1-sigma propagated from slope standard error,Run032_analysis.png,ok,csd_1789274782,0.000136315,52.582,2.038001859,0.000259172,56.975,2.354518981,2.92E-06,60.52,2.691409227,3.76E-06,65.513,2.995091806,3.56E-06,75.979,4.286255133,2.12E-06,86.356,5.558614155,8.75E-05,100.013,7.527204017,,,21:46:22,185,142,150,430,3.38,1.96,0.48,2.05,1.03,11.8,,12.5,2.6,2,0.046,37,3.5,4810,610,5420,7.89
Run033.mca,119.856,9/12/2026 21:47,10.003344,9.84 x 1.0166,9035,9024,1024,113.9639522,116.0606006,249.1977764,254,0.576614428,0.165625462,0.408582856,-0.012305028,0.000664213,0.012305028,0.000664213,1.273593798,0.123894363,81.26759414,4.386745174,1-sigma propagated from slope standard error,Run033_analysis.png,ok,csd_1789275009,0.000146062,52.674,2.044200743,0.00019567,56.898,2.346911076,3.18E-06,60.524,2.691652513,3.87E-06,65.518,2.995395915,3.45E-06,75.985,4.286967506,2.21E-06,86.416,5.567262862,8.76E-05,100.021,7.528357178,,,21:50:09,185,142,150,430,3.38,1.96,0.48,2.05,1.02,11.8,,12.5,2.63,2,0.046,37,3,4994,405,5399,12.33
Run034.mca,119.88,9/12/2026 21:53,10.003344,9.84 x 1.0166,12236,12224,1024,123.9230322,126.0196807,249.7219385,237,0.604336788,0.135204433,0.369262926,-0.012672219,0.000668871,0.012672219,0.000668871,1.720711377,0.127930007,78.91277855,4.165208288,1-sigma propagated from slope standard error,Run034_analysis.png,ok,csd_1789275339,0.000145823,52.674,2.044200743,0.000276637,56.979,2.354914197,3.71E-06,60.524,2.691652513,4.46E-06,65.589,2.999714253,3.63E-06,76.046,4.294209963,2.25E-06,86.363,5.559623171,8.64E-05,100.067,7.534987853,28 GHz fields,total power 7000,21:55:39,185,142,150,430,3.38,1.96,0.48,2.05,0.988,11.8,,12.5,2.79,2,0.043,37,3.32,5003,1768,6771,2.83
Run035.mca,119.916,9/12/2026 21:56,10.003344,9.84 x 1.0166,12093,12085,1024,135.4545987,139.6478955,249.7219385,211,0.631877519,0.123009011,0.352400525,-0.014392498,0.000759876,0.014392498,0.000759876,2.050479486,0.149912436,69.48064382,3.668346992,1-sigma propagated from slope standard error,Run035_analysis.png,ok,csd_1789275585,0.000172207,52.587,2.038338755,0.000288393,56.981,2.355111804,3.78E-06,60.526,2.691774157,4.30E-06,65.52,2.995517558,3.56E-06,75.987,4.287204963,2.23E-06,86.365,5.559911461,7.99E-05,100.069,7.535276143,,,21:59:45,185,142,150,430,3.38,1.96,0.48,2.05,1.02,11.8,,12.5,2.921,2,0.51,37,3.8,5311,1524,6835,3.48
Run036.mca,119.964,9/12/2026 22:01,10.003344,9.84 x 1.0166,12275,12272,1024,134.4062744,136.5029229,249.1977764,216,0.614034173,0.133901798,0.367631903,-0.014121829,0.000765354,0.014121829,0.000765354,1.98425975,0.149703365,70.81235694,3.837782157,1-sigma propagated from slope standard error,Run036_analysis.png,ok,csd_1789275796,0.000149977,52.673,2.044133364,0.00027077,56.978,2.354815393,3.53E-06,60.523,2.691591692,4.09E-06,65.517,2.995335093,3.55E-06,76.044,4.293972505,2.30E-06,86.414,5.566974572,8.51E-05,100.064,7.534555418,,,22:03:16,185,142,150,430,3.38,1.96,0.48,2.05,1.02,11.8,,12.5,2.75,2,0.061,37,3.5,5488,1321,6809,4.15
Run037.mca,120,9/12/2026 22:15,10.003344,9.84 x 1.0166,2962,2962,1024,130.2129776,135.9787608,238.7145342,185,0.171975452,0.286447759,0.538124833,-0.008339964,0.001352779,0.008339964,0.001352779,-0.485666656,0.253558566,119.9046,19.44906272,1-sigma propagated from slope standard error,Run037_analysis.png,ok,csd_1789276649,8.02E-05,52.585,2.038203996,0.000205964,56.897,2.346812272,1.83E-06,60.523,2.691591692,2.98E-06,65.587,2.99959261,3.93E-06,75.922,4.279487592,2.02E-06,86.414,5.566974572,0.000130303,100.157,7.547960913,28 GHz fields,only 18 GHz power,22:17:29,185,142,150,430,3.38,1.96,0.48,2.05,0.93,11.8,,12.5,2.1,2,0.04,42,4.9,52,1773,1773,0
Run038.mca,119.76,9/12/2026 22:19,10.003344,9.84 x 1.0166,2457,2452,1024,117.6330869,128.6404912,248.6736143,192,0.176017069,0.285558944,0.537182304,-0.007513197,0.001179315,0.007513197,0.001179315,-0.78211534,0.217837353,133.0991271,20.89200505,1-sigma propagated from slope standard error,Run038_analysis.png,ok,csd_1789276893,7.21E-05,52.585,2.038203996,0.000193646,56.978,2.354815393,1.77E-06,60.523,2.691591692,0.000139803,70.024,3.394963722,3.82E-06,75.922,4.279487592,1.93E-06,86.414,5.566974572,0.000127701,100.11,7.541186093,28 GHz fields,,22:21:33,185,142,150,430,3.38,1.96,0.48,2.05,0.921,11.8,,12.5,2.1,2,0.03,42,4.85,50,1524,1524,0
Run039.mca,120,9/12/2026 22:26,10.003344,9.84 x 1.0166,2041,2041,1024,134.9304365,140.6962197,164.2835147,46,0.171147811,0.321946391,0.580155426,-0.03705175,0.01229236,0.03705175,0.01229236,3.573667598,1.876411017,26.98927857,8.954014797,1-sigma propagated from slope standard error,Run039_analysis.png,ok,csd_1789277313,9.02E-05,52.766,2.050399628,0.000218503,57.065,2.363411336,2.21E-06,60.606,2.69663989,4.61E-06,65.665,3.0043367,3.86E-06,76.113,4.302164792,1.63E-06,86.637,5.599118933,1.84E-06,102.044,7.819962749,,,22:28:33,185,142,150,430,3.38,1.96,0.48,2.05,0.869,11.8,,12.5,2.48,2,0.059,54,3.6,51,1208,1208,0
Run040.mca,120,9/12/2026 22:30,10.003344,9.84 x 1.0166,1473,1474,1024,137.027085,168.4768116,191.0157823,40,0.18949774,0.223608407,0.485156955,-0.035393577,0.011874293,0.035393577,0.011874293,3.718914111,2.126408191,28.253714,9.478919709,1-sigma propagated from slope standard error,Run040_analysis.png,ok,csd_1789277559,2.90E-05,52.761,2.050062732,0.000115696,57.14,2.370821633,1.15E-06,60.676,2.700897406,2.55E-06,65.658,3.003910948,3.52E-06,76.044,4.293972505,1.82E-06,86.467,5.574614263,0.000143446,100.249,7.561222264,,,22:32:39,185,142,150,430,3.38,1.96,0.48,2.05,0.902,11.8,,12.5,1.824,2,0.064,42,3.8,49,911,911,0
Run041.mca,119.748,9/12/2026 22:37,10.003344,9.84 x 1.0166,943,941,1024,139.1237334,166.9043252,189.967458,32,0.110757481,0.158926045,0.411729419,-0.021398778,0.01107011,0.021398778,0.01107011,1.058286813,1.975558169,46.73163962,24.17541665,1-sigma propagated from slope standard error,Run041_analysis.png,ok,csd_1789277961,6.21E-05,52.586,2.038271375,0.000189811,56.898,2.346911076,1.64E-06,60.448,2.687030067,0.00017933,70.092,3.40657277,3.86E-06,75.924,4.279725049,1.70E-06,86.363,5.559623171,0.000117402,100.021,7.528357178,,,22:39:21,185,142,150,430,3.38,1.96,0.48,2.05,0.934,11.8,,12.5,2.1,2,0.027,47,2.91,48,603,603,0
Run042.mca,120,9/12/2026 22:41,10.003344,9.84 x 1.0166,561,561,1024,122.3505459,169.0009737,189.967458,24,0.146499797,0.068593281,0.273548961,-0.017017735,0.008757371,0.017017735,0.008757371,0.045959447,1.576624117,58.76222552,30.23919312,1-sigma propagated from slope standard error,Run042_analysis.png,ok,csd_1789278230,2.05E-05,52.583,2.038069238,0.000118055,56.895,2.346614665,0.000116405,62.478,2.810498049,0.000131633,70.088,3.405889885,3.18E-06,75.859,4.272007677,1.63E-06,86.251,5.543478918,0.000114718,99.923,7.514230956,,,22:43:50,185,142,150,430,3.38,1.96,0.48,2.05,0.903,11.8,,12.5,1.974,2,0.019,47,1.78,49,304,304,0
Run043.mca,120,9/12/2026 22:46,10.003344,9.84 x 1.0166,560,560,1024,149.6069756,163.7593526,187.3466475,26,0.069716957,0.153803091,0.408191151,-0.01586683,0.011831039,0.01586683,0.011831039,-0.208946559,2.064454735,63.02456052,46.99401432,1-sigma propagated from slope standard error,Run043_analysis.png,ok,csd_1789278520,1.72E-05,52.589,2.038473513,9.68E-05,56.982,2.355210608,0.000112929,62.484,2.810862979,0.000159323,70.095,3.407084934,3.87E-06,75.867,4.272957508,2.05E-06,86.26,5.544776224,0.000145637,100.026,7.529077903,28 GHz fields,only 28 GHz power,22:48:40,185,142,150,430,3.38,1.96,0.48,2.05,1,11.8,,12.5,1.82,2,0.027,47,1.72,300,46,300,0
Run044.mca,119.892,9/12/2026 22:50,10.003344,9.84 x 1.0166,1065,1064,1024,118.157249,141.2203819,162.7110283,38,0.23654657,0.150095831,0.3980383,-0.033650483,0.010075648,0.033650483,0.010075648,2.516579493,1.530986461,29.71725548,8.897958893,1-sigma propagated from slope standard error,Run044_analysis.png,ok,csd_1789278753,4.30E-05,52.586,2.038271375,0.000156203,56.898,2.346911076,1.19E-06,60.448,2.687030067,0.000158059,70.092,3.40657277,4.08E-06,75.863,4.272482592,1.98E-06,86.309,5.551839335,0.000130565,99.974,7.521582357,,,22:52:33,185,142,150,430,3.38,1.96,0.48,2.05,1.04,11.8,,12.5,2.11,2,0.027,47,2.19,602,47,602,0
Run045.mca,119.844,9/12/2026 22:53,10.003344,9.84 x 1.0166,1599,1597,1024,144.3653545,206.7406455,229.8037784,22,0.217057647,0.105416134,0.340525694,-0.023915564,0.010156475,0.023915564,0.010156475,2.61759261,2.210083475,41.81377383,17.75749563,1-sigma propagated from slope standard error,Run045_analysis.png,ok,csd_1789279028,4.74E-05,52.583,2.038069238,0.000168671,56.895,2.346614665,1.38E-06,60.521,2.691470048,3.08E-06,65.444,2.990895111,4.53E-06,75.859,4.272007677,2.12E-06,86.358,5.558902446,0.000122571,99.969,7.520861631,,,22:57:08,185,142,150,430,3.38,1.96,0.48,2.05,1.03,11.8,,12.5,2.27,2,0.054,47,3.07,892,47,892,0
Run046.mca,119.94,9/12/2026 22:59,10.003344,9.84 x 1.0166,2043,2042,1024,134.9304365,137.027085,197.8298897,113,0.297140397,0.225163262,0.478769525,-0.017563242,0.002563874,0.017563242,0.002563874,0.631710579,0.429823991,56.93709727,8.311650543,1-sigma propagated from slope standard error,Run046_analysis.png,ok,csd_1789279301,2.35E-05,52.585,2.038203996,0.000123382,56.897,2.346812272,1.65E-06,60.446,2.686908423,3.19E-06,65.517,2.995335093,1.51E-06,73.821,4.030038386,3.10E-06,86.307,5.551551045,0.000113035,100.249,7.561222264,,,23:01:41,185,142,150,430,3.38,1.96,0.48,2.05,0.986,11.8,,12.5,2.13,2,0.058,47,3.41,1194,48,1194,0
Run047.mca,119.664,9/12/2026 23:02,10.003344,9.84 x 1.0166,2486,2479,1024,137.5512471,161.138542,181.5808643,38,0.263590213,0.327706378,0.588143084,-0.056765434,0.015813494,0.056765434,0.015813494,7.582578425,2.706678998,17.6163543,4.90749562,1-sigma propagated from slope standard error,Run047_analysis.png,ok,csd_1789279483,2.31E-05,52.583,2.038069238,0.000106807,56.895,2.346614665,1.88E-06,60.521,2.691470048,0.000140613,69.956,3.383354673,1.91E-06,73.881,4.037162114,3.22E-06,86.305,5.551262754,0.000106601,100.247,7.560933974,,,23:04:43,185,142,150,430,3.38,1.96,0.48,2.05,0.971,11.8,,12.5,2.14,2,0.036,47,3.32,1505,48,1505,0
Run048.mca,119.88,9/12/2026 23:07,10.003344,9.84 x 1.0166,2939,2936,1024,139.1237334,142.7928682,224.5621573,146,0.282740669,0.249006923,0.502459304,-0.013315626,0.001767357,0.013315626,0.001767357,0.369087315,0.324117171,75.0997357,9.96784155,1-sigma propagated from slope standard error,Run048_analysis.png,ok,csd_1789279785,3.98E-05,52.585,2.038203996,0.000169447,56.978,2.354815393,2.09E-06,60.446,2.686908423,2.10E-06,68.419,3.171839569,2.17E-06,73.821,4.030038386,2.74E-06,86.36,5.559190736,0.000102692,100.203,7.554591589,,,23:09:45,185,142,150,430,3.38,1.96,0.48,2.05,0.907,11.8,,12.5,2.38,2,0.044,47,1.72,1794,47,1794,0
