Date,Time,Detector,Comments,Action,Run,CSD,Inj (A),Extr (A),Cent (A),Sext (A),Inj (T),Extr (T),Cent (T),Sext (T),Inj Pres (-7),Oxygen %,Xenon %,Extr HV,Extr I,Puller HV,Puller I,Bias V,Bias I,28 GHz,18 GHz,Total Power,28/18 Ratio,csd_name,O8+_beam_current,O8+_batman_current,O8+_mq,O7+_beam_current,O7+_batman_current,O7+_mq,O6+_beam_current,O6+_batman_current,O6+_mq,O5+_beam_current,O5+_batman_current,O5+_mq,O4+_beam_current,O4+_batman_current,O4+_mq,O3+_beam_current,O3+_batman_current,O3+_mq,O2+_beam_current,O2+_batman_current,O2+_mq,file,livetime,start_time,gain,gain_formula,fast_count,slow_count,raw_data_length,peak_energy_keV,fit_range_min_keV,fit_range_max_keV,fit_points,fit_r_squared,fit_mean_squared_error,fit_residual_std_error,fit_slope,fit_slope_error,alpha,alpha_error,fit_intercept_beta,fit_intercept_beta_error,spectral_temperature,spectral_temperature_error,spectral_temperature_error_type,plot_file,fit_status
9/19/2026,2:48:00 PM,CdTe,"28 GHz fields, tuned up big stable O6+",preset time 300 seconds,1,,185,142,150,430,3.38,1.96,0.48,2.05,0.674,8.6,,12.5,1.8,2.2,0.002,30,2.6,2494,988,3482,2.52,,6.19055,49.687,2.146370872,51.3605,53.109,2.375955853,196.723,57.542,2.719489181,144.082,63.068,3.163741019,150.381,70.746,3.848546264,148.836,81.846,5.341419315,126.295,100.707,8.036848369,Run001.mca,299.97,9/19/2026 14:42,10.003344,9.84 x 1.0166,13767,13766,1024,,122.3505459,216.1755635,180,0.528552617,0.073744237,0.273080252,-0.010557248,0.000747331,0.010557248,0.000747331,0.577696344,0.128122714,94.72165138,6.70520038,1-sigma propagated from slope standard error,Run001_analysis.png,ok
9/19/2026,5:04:00 PM,,,"B fields to match Janilee, preset time 600 seconds",2,,188.35,135.74,155.18,440,3.43,1.86,0.43,2.1,0.703,9.4,,12.5,1.75,2,0.028,24,1.94,2513,998,3511,2.52,,4.94338,49.595,2.142233695,55.5551,53.11,2.377772606,227.642,57.463,2.712969877,174.109,63.069,3.164820259,180.767,70.747,3.849102122,172.981,81.905,5.347549911,116.857,100.71,8.033785226,Run002.mca,599.46,9/19/2026 16:53,10.003344,9.84 x 1.0166,30202,30175,1024,,131.2613018,227.7071299,185,0.821306867,0.030836258,0.176559528,-0.013448977,0.00046373,0.013448977,0.00046373,1.145905216,0.084238333,74.35509789,2.563813376,1-sigma propagated from slope standard error,Run002_analysis.png,ok
9/19/2026,5:13:25 PM,,total power 640 W,,3,17:23:16,188.35,135.74,155.18,440,3.43,1.86,0.43,2.1,0.594,10.5,,12.5,1.661,2,0.02,27,1.19,59,587,646,0.1,csd_1789863796,3.15853,49.597,2.14463351,39.7045,53.112,2.380320667,205.336,57.465,2.715786316,174.04,62.997,3.163248553,198.65,70.684,3.841450308,182.053,81.907,5.352012992,119.032,100.666,8.033181164,Run003.mca,599.1,9/19/2026 17:13,10.003344,9.84 x 1.0166,4032,4026,1024,,128.1163291,187.3466475,114,0.236639464,0.152370734,0.393816759,-0.012599879,0.002138349,0.012599879,0.002138349,-1.137751136,0.339295777,79.36584206,13.46932657,1-sigma propagated from slope standard error,Run003_analysis.png,ok
9/19/2026,5:26:02 PM,,,,4,17:37:18,188.35,135.74,155.18,440,3.43,1.86,0.43,2.1,0.563,10.5,,12.5,2.04,2,0.02,32,1.75,105,539,644,0.19,csd_1789864638,2.67857,49.597,2.144658077,34.0698,53.112,2.380597744,181.764,57.465,2.716422803,171.183,63.071,3.168955542,197.717,70.618,3.831799146,182.041,81.907,5.355473875,123.449,100.62,8.03275089,Run004.mca,599.88,9/19/2026 17:25,10.003344,9.84 x 1.0166,4522,4521,1024,,128.6404912,192.0641065,122,0.235768728,0.211292866,0.463480758,-0.013830977,0.002273168,0.013830977,0.002273168,-0.805401037,0.366915057,72.30147002,11.88299206,1-sigma propagated from slope standard error,Run004_analysis.png,ok
9/19/2026,5:39:06 PM,,,,5,17:52:21,188.35,135.74,155.18,440,3.43,1.86,0.43,2.1,0.55,10.5,,12.5,1.87,2,0.021,32,1.78,213,432,645,0.49,csd_1789865541,2.42444,49.687,2.155823624,39.1139,53.109,2.385168554,185.197,57.381,2.712145263,179.144,62.994,3.167547171,234.782,70.615,3.833447054,190.04,81.902,5.354301389,118.161,100.661,8.033390569,Run005.mca,599.16,9/19/2026 17:39,10.003344,9.84 x 1.0166,4877,4870,1024,,133.3579502,211.4581045,149,0.370486005,0.173427874,0.419270124,-0.014036062,0.001509049,0.014036062,0.001509049,-0.640177236,0.262342872,71.24505455,7.659719168,1-sigma propagated from slope standard error,Run005_analysis.png,ok
9/19/2026,5:53:33 PM,,,,6,18:06:40,188.35,135.74,155.18,440,3.43,1.86,0.43,2.1,0.556,10.5,,12.5,1.821,2,0.029,32,1.78,274,369,643,0.74,csd_1789866400,3.49897,49.595,2.144660723,41.806,53.11,2.38034929,177.225,57.463,2.715759538,150.178,62.996,3.16337269,181.818,70.682,3.841305967,173.973,81.905,5.35201353,120.266,100.664,8.033198985,Run006.mca,599.64,9/19/2026 17:53,10.003344,9.84 x 1.0166,4971,4968,1024,,138.5995713,214.6030772,146,0.365034424,0.22698682,0.47972848,-0.016352135,0.001797221,0.016352135,0.001797221,-0.235566047,0.319865118,61.15409293,6.721287348,1-sigma propagated from slope standard error,Run006_analysis.png,ok
9/19/2026,6:08:25 PM,,,,7,18:19:00,188.35,135.74,155.18,440,3.43,1.86,0.43,2.1,0.543,11,,12.5,1.9,2,0.028,38,2.06,317,322,639,0.98,csd_1789867140,5.44853,49.595,2.147547419,48.322,53.11,2.383191673,194.784,57.383,2.710485898,148.323,62.996,3.16606785,180.29,70.682,3.843873664,173.303,81.848,5.347402381,121.148,100.664,8.034978535,Run007.mca,599.88,9/19/2026 18:08,10.003344,9.84 x 1.0166,5082,5081,1024,,122.3505459,213.554753,172,0.389422779,0.20177425,0.451827472,-0.013521905,0.001298593,0.013521905,0.001298593,-0.738353633,0.220352931,73.95407541,7.102271561,1-sigma propagated from slope standard error,Run007_analysis.png,ok
9/19/2026,6:21:00 PM,,,,8,18:31:09,188.35,135.74,155.18,440,3.43,1.86,0.43,2.1,0.58,11,,12.5,1.786,2,0.031,38,1.85,422,216,638,1.95,csd_1789867869,6.17072,49.598,2.143355283,53.1988,53.113,2.379024317,196.586,57.386,2.706439303,147.406,63.073,3.166525336,174.1,70.751,3.851612815,164.934,81.909,5.350632039,120.658,100.669,8.03176619,Run008.mca,598.56,9/19/2026 18:20,10.003344,9.84 x 1.0166,5327,5314,1024,,121.3022217,215.1272393,180,0.475796699,0.163116714,0.406139737,-0.014127628,0.001111472,0.014127628,0.001111472,-0.544622425,0.189400743,70.78328855,5.568777915,1-sigma propagated from slope standard error,Run008_analysis.png,ok
9/19/2026,6:32:21 PM,,,,9,18:43:17,188.35,135.74,155.18,440,3.43,1.86,0.43,2.1,0.595,11,,12.5,1.774,2,0.024,38,1.9,530,107,637,4.95,csd_1789868597,17.8627,49.597,2.139239471,111.257,53.112,2.37523354,267.648,57.465,2.711136032,180.709,63.071,3.163773116,208.213,70.749,3.849587993,172.665,81.963,5.357579377,102.026,100.62,8.028689942,Run009.mca,599.76,9/19/2026 18:32,10.003344,9.84 x 1.0166,5070,5068,1024,,127.592167,215.1272393,166,0.386249573,0.192093458,0.440949046,-0.01376816,0.001355239,0.01376816,0.001355239,-0.690704492,0.234153176,72.63134419,7.149308792,1-sigma propagated from slope standard error,Run009_analysis.png,ok
9/19/2026,6:45:44 PM,,,,10,18:55:52,188.35,135.74,155.18,440,3.43,1.86,0.43,2.1,0.616,11,,12.5,1.78,2,0.03,38,1.91,593,49,642,12.1,csd_1789869352,17.8986,49.592,2.136545963,110.716,53.106,2.372270097,266.761,57.459,2.707710527,181.422,63.138,3.164742787,205.729,70.807,3.855947004,172.317,82.011,5.358442251,100.82,100.656,8.026887334,Run010.mca,598.68,9/19/2026 18:45,10.003344,9.84 x 1.0166,5056,5045,1024,,131.7854639,212.5064287,154,0.338144695,0.182543108,0.430052311,-0.013043388,0.001480127,0.013043388,0.001480127,-0.787722175,0.256869101,76.6671961,8.699975394,1-sigma propagated from slope standard error,Run010_analysis.png,ok
9/19/2026,7:00:02 PM,,total power 1150 W,,11,19:10:44,188.35,135.74,155.18,440,3.43,1.86,0.43,2.1,0.553,11,,12.5,2.29,2,0.024,38,2.85,104,1030,1134,0.1,csd_1789870244,11.1642,49.599,2.137876087,87.1659,53.114,2.374121166,248.566,57.468,2.71053939,181.367,63.074,3.163532567,215.811,70.753,3.850574428,183.554,81.967,5.359927483,102.983,100.579,8.027304965,Run011.mca,598.86,9/19/2026 19:00,10.003344,9.84 x 1.0166,7526,7512,1024,,123.3988701,215.6514014,177,0.458106964,0.147299582,0.385983168,-0.013176076,0.001083279,0.013176076,0.001083279,-0.380084784,0.185920633,75.89513122,6.239764946,1-sigma propagated from slope standard error,Run011_analysis.png,ok
9/19/2026,7:12:54 PM,,,,12,19:23:29,188.35,135.74,155.18,440,3.43,1.86,0.43,2.1,0.558,11,,12.5,2.334,2,0.03,37,2.6,185,969,1154,0.19,csd_1789871009,9.40993,49.594,2.139257494,77.8056,53.109,2.375265712,232.484,57.462,2.711102115,180.918,63.068,3.163896037,213.347,70.746,3.849435961,189.159,81.959,5.357600512,105.57,100.615,8.028699663,Run012.mca,599.46,9/19/2026 19:13,10.003344,9.84 x 1.0166,8241,8234,1024,,122.3505459,205.6923213,160,0.545840852,0.085051729,0.293476291,-0.013206388,0.000958355,0.013206388,0.000958355,-0.278541226,0.158893835,75.72093044,5.494882538,1-sigma propagated from slope standard error,Run012_analysis.png,ok
9/19/2026,7:27:17 PM,,,,13,19:37:56,188.35,135.74,155.18,440,3.43,1.86,0.43,2.1,0.54,11,,12.5,2.219,2,0.028,37,2.53,381,779,1160,0.49,csd_1789871876,4.69466,49.595,2.145142216,42.6847,53.197,2.386788658,196.264,57.383,2.708150503,165.476,62.996,3.163788952,190.5,70.682,3.841678819,174.919,81.905,5.352289648,114.225,100.664,8.03330342,Run013.mca,599.46,9/19/2026 19:27,10.003344,9.84 x 1.0166,9186,9178,1024,,125.4955186,208.837294,160,0.541235714,0.074898622,0.275402806,-0.0122786,0.000899336,0.0122786,0.000899336,-0.274644745,0.151907128,81.44251284,5.965188876,1-sigma propagated from slope standard error,Run013_analysis.png,ok
9/19/2026,7:39:54 PM,,,,14,19:50:09,188.35,135.74,155.18,440,3.43,1.86,0.43,2.1,0.534,11,,12.5,2.143,2,0.031,37,2.47,491,665,1156,0.74,csd_1789872609,5.15567,49.597,2.145857278,53.1087,53.112,2.381685975,209.505,57.384,2.709193242,163.538,62.997,3.165084042,191.215,70.684,3.843693086,179.539,81.907,5.355162925,124.836,100.62,8.03118073,Run014.mca,599.16,9/19/2026 19:39,10.003344,9.84 x 1.0166,9778,9764,1024,,136.5029229,212.5064287,146,0.498864483,0.104038282,0.324781862,-0.014567755,0.00121674,0.014567755,0.00121674,0.180044446,0.21402136,68.64475872,5.733402563,1-sigma propagated from slope standard error,Run014_analysis.png,ok
9/19/2026,7:53:40 PM,,,,15,20:03:46,188.35,135.74,155.18,440,3.43,1.86,0.43,2.1,0.586,11,,12.5,1.87,2,0.042,34,2.38,584,583,1167,1,csd_1789873426,11.7487,49.595,2.144214244,82.3041,53.11,2.380018475,234.342,57.383,2.707534897,160.291,63.069,3.167952689,187.774,70.682,3.841692111,160.378,81.961,5.359919495,114.782,100.618,8.028882333,Run015.mca,599.16,9/19/2026 19:53,10.003344,9.84 x 1.0166,10110,10096,1024,,121.3022217,222.9896709,195,0.579116731,0.108493469,0.331085719,-0.013094838,0.000803562,0.013094838,0.000803562,-0.100849191,0.140347076,76.36597107,4.686180351,1-sigma propagated from slope standard error,Run015_analysis.png,ok
9/19/2026,8:06:34 PM,,,,16,20:16:48,188.35,135.74,155.18,440,3.43,1.86,0.43,2.1,0.591,11,,12.5,1.81,2,0.005,33,2.57,764,387,1151,1.97,csd_1789874208,12.9469,49.595,2.144632713,86.6217,53.11,2.380516723,228.143,57.383,2.708143953,154.686,63.069,3.168717516,179.794,70.682,3.842684882,158.219,81.905,5.354645184,114.624,100.618,8.031291743,Run016.mca,599.04,9/19/2026 20:06,10.003344,9.84 x 1.0166,10186,10170,1024,,123.3988701,218.7963741,183,0.53150908,0.087065277,0.296693991,-0.011350308,0.00079207,0.011350308,0.00079207,-0.347843014,0.13728455,88.1033369,6.148204647,1-sigma propagated from slope standard error,Run016_analysis.png,ok
9/19/2026,8:19:15 PM,,,,17,20:31:24,188.35,135.74,155.18,440,3.43,1.86,0.43,2.1,0.591,11,,12.5,1.874,2,0.018,33,2.5,962,187,1149,5.14,csd_1789875084,14.1958,49.598,2.144559096,93.6247,53.113,2.380430744,239.157,57.386,2.708127221,152.529,63.073,3.168608808,165.465,70.686,3.842969143,153.673,81.909,5.354593272,115.698,100.623,8.031270813,Run017.mca,598.92,9/19/2026 20:19,10.003344,9.84 x 1.0166,9844,9826,1024,,124.4471944,231.9004268,206,0.62347229,0.129278623,0.361311584,-0.014843502,0.000807628,0.014843502,0.000807628,0.15949601,0.14608347,67.36954869,3.665544092,1-sigma propagated from slope standard error,Run017_analysis.png,ok
9/19/2026,8:34:43 PM,,,,18,20:44:49,188.35,135.74,155.18,440,3.43,1.86,0.43,2.1,0.6,11,,12.5,1.903,2,0.012,33,2.5,1025,129,1154,7.95,csd_1789875889,15.6194,49.597,2.147137498,93.8209,53.112,2.382484578,243.654,57.384,2.709322998,154.179,63.071,3.168862332,165.14,70.684,3.841505928,156.527,81.907,5.349888992,116.089,100.712,8.033935173,Run018.mca,599.22,9/19/2026 20:34,10.003344,9.84 x 1.0166,9759,9746,1024,,121.3022217,228.7554541,206,0.584372561,0.129675183,0.361865317,-0.013698851,0.000808865,0.013698851,0.000808865,-0.029944373,0.143802216,72.99882465,4.310304796,1-sigma propagated from slope standard error,Run018_analysis.png,ok
9/19/2026,8:46:38 PM,,,,19,20:58:45,188.35,135.74,155.18,440,3.43,1.86,0.43,2.1,0.616,11,,12.5,1.823,2,0.016,28,2.29,1078,81,1159,13.31,csd_1789876725,22.5639,49.595,2.136813643,120.101,53.11,2.372658769,277.832,57.463,2.708291818,187.461,63.143,3.165318987,204.795,70.813,3.857390391,179.535,81.961,5.353076595,113.278,100.664,8.029263441,Run019.mca,599.1,9/19/2026 20:46,10.003344,9.84 x 1.0166,9308,9294,1024,,124.4471944,216.1755635,176,0.521300068,0.124520077,0.354896241,-0.013827741,0.001004533,0.013827741,0.001004533,-0.051116332,0.173162321,72.31839187,5.253659577,1-sigma propagated from slope standard error,Run019_analysis.png,ok
9/19/2026,9:00:07 PM,,,,20,21:10:21,188.35,135.74,155.18,440,3.43,1.86,0.43,2.1,0.651,11,,12.5,1.849,2,0.017,28,2.38,1100,55,1155,20,csd_1789877421,16.3258,49.595,2.138869915,107.305,53.11,2.374784449,266.143,57.463,2.710516271,186.701,63.069,3.163087237,237.166,70.747,3.848460349,190.882,82.017,5.362861001,110.569,100.618,8.026290692,Run020.mca,598.92,9/19/2026 21:00,10.003344,9.84 x 1.0166,8903,8887,1024,,126.5438428,219.3205362,178,0.48212316,0.152487789,0.392709314,-0.013989273,0.001092881,0.013989273,0.001092881,-0.05656534,0.191272799,71.48334433,5.584480467,1-sigma propagated from slope standard error,Run020_analysis.png,ok
9/19/2026,9:13:33 PM,,total power 1350 W,,21,21:23:40,188.35,135.74,155.18,440,3.43,1.86,0.43,2.1,0.601,11,,12.5,2.15,2,0.019,34,2.66,123,1211,1334,0.1,csd_1789878220,6.90752,49.595,2.139703311,63.0392,53.11,2.375777673,227.995,57.463,2.711736948,203.133,63.069,3.164614523,216.115,70.747,3.850451964,206.525,81.905,5.352306176,127.829,100.618,8.031112717,Run021.mca,599.22,9/19/2026 21:13,10.003344,9.84 x 1.0166,9135,9123,1024,,123.3988701,216.6997256,179,0.509703889,0.160552903,0.402947963,-0.015084037,0.001111991,0.015084037,0.001111991,0.08350695,0.191476729,66.2952516,4.887266717,1-sigma propagated from slope standard error,Run021_analysis.png,ok
9/19/2026,9:25:23 PM,,,,22,21:35:46,188.35,135.74,155.18,440,3.43,1.86,0.43,2.1,0.6,11,,12.5,2.44,2,0.016,37,2.85,223,1142,1365,0.2,csd_1789878946,4.72983,49.597,2.14459829,53.1067,53.112,2.380694818,221.28,57.384,2.708574034,179.417,62.997,3.164982588,209.208,70.684,3.844362327,187.542,81.907,5.35754874,114.15,100.574,8.029837494,Run022.mca,598.8,9/19/2026 21:25,10.003344,9.84 x 1.0166,10104,10084,1024,,127.0680049,231.9004268,201,0.572232142,0.12422691,0.3542251,-0.013403685,0.000821515,0.013403685,0.000821515,-0.019035942,0.149550889,74.60634972,4.572642026,1-sigma propagated from slope standard error,Run022_analysis.png,ok
9/19/2026,9:38:19 PM,,,,23,21:48:35,188.35,135.74,155.18,440,3.43,1.86,0.43,2.1,0.677,11,,12.5,2.15,2,0.018,29,2.03,452,911,1363,0.5,csd_1789879715,5.27801,49.597,2.145857278,57.4545,53.112,2.381685975,218.795,57.384,2.709193242,175.37,62.997,3.165084042,218.714,70.684,3.843693086,198.075,81.907,5.355162925,115.507,100.62,8.03118073,Run023.mca,599.4,9/19/2026 21:38,10.003344,9.84 x 1.0166,11237,11226,1024,,122.3505459,225.6104815,198,0.581377379,0.094900891,0.309627627,-0.012117645,0.000734467,0.012117645,0.000734467,-0.118136624,0.129663728,82.52428839,5.001911851,1-sigma propagated from slope standard error,Run023_analysis.png,ok
9/19/2026,9:51:11 PM,,,,24,22:02:02,188.35,135.74,155.18,440,3.43,1.86,0.43,2.1,0.691,11,,12.5,2.06,2,0.018,29,2.06,577,778,1355,0.74,csd_1789880522,6.80029,49.69,2.150777349,63.8917,53.112,2.380694818,238.815,57.384,2.708574034,191.279,62.997,3.164982588,213.521,70.684,3.844362327,197.947,81.907,5.35754874,115.537,100.574,8.029837494,Run024.mca,598.92,9/19/2026 21:51,10.003344,9.84 x 1.0166,11678,11657,1024,,126.5438428,217.2238877,174,0.575624304,0.088693822,0.299541559,-0.01317419,0.000862512,0.01317419,0.000862512,0.103428686,0.149981035,75.9059957,4.969555539,1-sigma propagated from slope standard error,Run024_analysis.png,ok
9/19/2026,10:03:49 PM,,,,25,22:14:30,188.35,135.74,155.18,440,3.43,1.86,0.43,2.1,0.674,11,,12.5,2.112,2,0.02,34,2.6,670,677,1347,0.99,csd_1789881270,12.2045,49.597,2.14459829,89.9522,53.112,2.380694818,253.918,57.384,2.708574034,171.061,62.997,3.164982588,193.372,70.684,3.844362327,171.882,81.907,5.35754874,114.365,100.574,8.029837494,Run025.mca,598.98,9/19/2026 22:03,10.003344,9.84 x 1.0166,11886,11866,1024,,124.9713565,219.8446983,182,0.58307063,0.087989953,0.298274402,-0.012738141,0.000802861,0.012738141,0.000802861,0.044258903,0.140174354,78.50439167,4.947984854,1-sigma propagated from slope standard error,Run025_analysis.png,ok
9/19/2026,10:18:43 PM,,,,26,22:31:07,188.35,135.74,155.18,440,3.43,1.86,0.43,2.1,0.658,11,,12.5,2.11,2,0.028,37,2.9,903,452,1355,2,csd_1789882267,15.2338,49.595,2.142129746,100.216,53.11,2.378293997,261.787,57.383,2.706310463,168.089,62.996,3.16289775,192.664,70.747,3.853529795,167.926,81.905,5.355955864,112.367,100.572,8.029012131,Run026.mca,599.34,9/19/2026 22:18,10.003344,9.84 x 1.0166,12223,12210,1024,,124.4471944,225.0863194,193,0.661574672,0.087038812,0.296564013,-0.014124985,0.000730993,0.014124985,0.000730993,0.298800003,0.129524543,70.7965339,3.663846806,1-sigma propagated from slope standard error,Run026_analysis.png,ok
9/19/2026,10:33:50 PM,,,,27,22:44:12,188.35,135.74,155.18,440,3.43,1.86,0.43,2.1,0.651,11,,12.5,1.95,2,0.025,33,3.03,1125,224,1349,5.02,csd_1789883052,18.2119,49.599,2.142017285,103.996,53.114,2.378162414,262.586,57.387,2.706267676,163.918,63.001,3.162706917,186.709,70.753,3.853991016,162.574,81.911,5.355917517,111.523,100.579,8.02895446,Run027.mca,598.98,9/19/2026 22:33,10.003344,9.84 x 1.0166,11762,11742,1024,,131.7854639,231.3762647,191,0.638926381,0.126445493,0.357468237,-0.016367291,0.00089499,0.016367291,0.00089499,0.655500786,0.164558619,61.09746735,3.34090999,1-sigma propagated from slope standard error,Run027_analysis.png,ok
9/19/2026,10:46:28 PM,,,,28,22:56:49,188.35,135.74,155.18,440,3.43,1.86,0.43,2.1,0.666,11,,12.5,2,2,0.02,33,2.88,1210,150,1360,8.07,csd_1789883809,17.1885,49.597,2.14215387,102.413,53.112,2.378100555,261.175,57.384,2.705771677,163.648,63.071,3.166481802,184.708,70.749,3.852158977,162.436,81.907,5.353065171,112.805,100.62,8.030421819,Run028.mca,599.22,9/19/2026 22:46,10.003344,9.84 x 1.0166,11032,11018,1024,,126.5438428,225.6104815,190,0.60017304,0.097146901,0.313337484,-0.013282936,0.000790702,0.013282936,0.000790702,0.062477216,0.141068173,75.28455821,4.48151421,1-sigma propagated from slope standard error,Run028_analysis.png,ok
9/19/2026,10:58:04 PM,,,,29,23:08:56,188.35,135.74,155.18,440,3.43,1.86,0.43,2.1,0.657,11,,12.5,1.983,2,0.011,33,2.82,1259,90,1349,13.99,csd_1789884536,19.2262,49.597,2.138014947,125.911,53.112,2.374061549,297.136,57.465,2.710038814,191.823,63.144,3.167307766,201.512,70.749,3.848744194,185.921,81.963,5.35707126,116.314,100.62,8.028776418,Run029.mca,599.28,9/19/2026 22:58,10.003344,9.84 x 1.0166,10883,10870,1024,,123.3988701,228.7554541,202,0.615610931,0.138600199,0.374147298,-0.015414467,0.000861283,0.015414467,0.000861283,0.364875343,0.153920147,64.87411923,3.624839904,1-sigma propagated from slope standard error,Run029_analysis.png,ok
9/19/2026,11:09:40 PM,,,,30,23:20:09,188.35,135.74,155.18,440,3.43,1.86,0.43,2.1,0.656,11,,12.5,1.993,2,0.02,33,2.78,1274,65,1339,19.6,csd_1789885209,17.4707,49.595,2.139306516,116.994,53.11,2.375087005,293.433,57.463,2.710628067,193.718,63.143,3.16752998,202.825,70.747,3.847925575,181.126,81.961,5.354687993,112.253,100.664,8.03014138,Run030.mca,599.88,9/19/2026 23:09,10.003344,9.84 x 1.0166,10384,10382,1024,,121.8263838,215.1272393,179,0.602988593,0.071897461,0.269647662,-0.012200808,0.00074413,0.012200808,0.00074413,-0.193649577,0.126978361,81.96178746,4.998868729,1-sigma propagated from slope standard error,Run030_analysis.png,ok
9/19/2026,11:23:29 PM,,total power 1850 W,,31,23:38:33,188.35,135.74,155.18,440,3.43,1.86,0.43,2.1,0.676,11,,12.5,2.1,2,0.018,30,2.63,171,1661,1832,0.1,csd_1789886313,9.53982,49.598,2.140896327,80.4281,53.113,2.376690344,241.472,57.466,2.712336807,168.259,63.073,3.164609,190.305,70.751,3.850059802,169.404,81.909,5.349874003,111.834,100.669,8.032430044,Run031.mca,599.04,9/19/2026 23:23,10.003344,9.84 x 1.0166,12502,12482,1024,,124.9713565,219.3205362,181,0.683839829,0.062727286,0.251849458,-0.013449462,0.000683526,0.013449462,0.000683526,0.215572946,0.11914595,74.35241558,3.778722072,1-sigma propagated from slope standard error,Run031_analysis.png,ok
9/19/2026,11:40:13 PM,,,,32,23:53:52,188.35,135.74,155.18,440,3.43,1.86,0.43,2.1,0.72,11,,12.5,2.15,2,0.014,27,1.97,308,1565,1873,0.2,csd_1789887232,7.66491,49.691,2.147896893,66.242,53.113,2.377182882,218.885,57.466,2.712336819,158.466,63.073,3.163945349,185.292,70.751,3.848390324,172.873,81.965,5.352771709,120.633,100.715,8.031372918,Run032.mca,599.34,9/19/2026 23:40,10.003344,9.84 x 1.0166,14050,14035,1024,,118.6814112,217.2238877,189,0.625763956,0.080297382,0.284879233,-0.012813047,0.000724601,0.012813047,0.000724601,0.19142563,0.123450302,78.04544605,4.413613491,1-sigma propagated from slope standard error,Run032_analysis.png,ok
9/19/2026,11:58:33 PM,,,,33,0:10:18,188.35,135.74,155.18,440,3.43,1.86,0.43,2.1,0.716,11,,12.5,1.96,2,0.016,27,1.91,611,1250,1861,0.49,csd_1789888218,8.84308,49.597,2.142469299,70.6963,53.024,2.372649802,244.995,57.384,2.706779251,190.385,62.997,3.163458271,213.794,70.749,3.85457436,187.126,81.963,5.364114462,101.893,100.528,8.024423854,Run033.mca,599.34,9/19/2026 23:58,10.003344,9.84 x 1.0166,15303,15286,1024,,121.3022217,210.4097803,171,0.647031411,0.050265147,0.225521619,-0.011731794,0.00066654,0.011731794,0.00066654,0.123667246,0.111886847,85.23845193,4.842811319,1-sigma propagated from slope standard error,Run033_analysis.png,ok
9/20/2026,12:12:23 AM,,,,34,0:24:19,188.35,135.74,155.18,440,3.43,1.86,0.43,2.1,0.648,11,,12.5,2.2,2,0.019,35,2.94,789,1075,1864,0.73,csd_1789889059,7.52569,49.598,2.144022645,68.0174,53.026,2.374331046,240.962,57.386,2.708607046,184.196,63.073,3.169919014,217.089,70.686,3.845495415,195.801,81.909,5.359845438,106.759,100.531,8.027802041,Run034.mca,599.76,9/20/2026 0:12,10.003344,9.84 x 1.0166,16193,16187,1024,,120.2538975,227.1829678,205,0.675985869,0.062476452,0.251181177,-0.011639151,0.00056557,0.011639151,0.00056557,0.17950383,0.099803907,85.91691638,4.174878394,1-sigma propagated from slope standard error,Run034_analysis.png,ok
9/20/2026,12:26:25 AM,,,,35,0:37:06,188.35,135.74,155.18,440,3.43,1.86,0.43,2.1,0.636,11,,12.5,2.1,2,0.014,35,3.03,923,937,1860,0.99,csd_1789889826,4.14548,49.501,2.140885892,42.2037,53.022,2.37716171,203.614,57.381,2.710915281,166.356,62.994,3.167422385,192.789,70.68,3.846264912,181.62,81.846,5.352697094,110.381,100.569,8.031538618,Run035.mca,599.22,9/20/2026 0:26,10.003344,9.84 x 1.0166,16619,16598,1024,,125.4955186,238.1903721,216,0.695980833,0.075106257,0.275332861,-0.012687093,0.000573201,0.012687093,0.000573201,0.393531264,0.10590277,78.8202632,3.561089072,1-sigma propagated from slope standard error,Run035_analysis.png,ok
9/20/2026,12:39:12 AM,,,,36,0:50:03,188.35,135.74,155.18,440,3.43,1.86,0.43,2.1,0.651,11,,12.5,2.2,2,0.015,35,3.03,1220,625,1845,1.95,csd_1789890603,13.8627,49.598,2.145796955,90.7323,53.113,2.381615546,253.442,57.386,2.70923831,162.648,62.999,3.165027617,177.865,70.686,3.843824959,159.606,81.909,5.355109061,117.991,100.623,8.031184506,Run036.mca,599.46,9/20/2026 0:39,10.003344,9.84 x 1.0166,16814,16799,1024,,123.3988701,238.7145342,221,0.745787577,0.067745885,0.261466191,-0.01333177,0.000525965,0.01333177,0.000525965,0.499983813,0.096840003,75.00879358,2.959245091,1-sigma propagated from slope standard error,Run036_analysis.png,ok
9/20/2026,12:51:14 AM,,,,37,1:01:44,188.35,135.74,155.18,440,3.43,1.86,0.43,2.1,0.688,11,,12.5,1.861,2,0.009,27,3.03,1553,313,1866,4.96,csd_1789891304,25.297,49.597,2.139279524,118.847,53.112,2.37505859,253.981,57.465,2.710655055,143.166,63.144,3.167405735,142.194,70.749,3.84806982,135.854,81.963,5.354687336,117.733,100.666,8.030123464,Run037.mca,599.04,9/20/2026 0:51,10.003344,9.84 x 1.0166,15317,15292,1024,,119.7297354,220.3688604,193,0.645718574,0.096800222,0.312752037,-0.01438332,0.000770895,0.01438332,0.000770895,0.55227692,0.133009092,69.52497739,3.726290633,1-sigma propagated from slope standard error,Run037_analysis.png,ok
9/20/2026,1:04:36 AM,,,,38,1:15:12,188.35,135.74,155.18,440,3.43,1.86,0.43,2.1,0.706,11,,12.5,1.96,2,0.013,22,1.28,1650,206,1856,8.01,csd_1789892112,28.7503,49.597,2.140925386,129.608,53.112,2.376731097,257.191,57.465,2.71236549,140.125,63.071,3.164641303,143.83,70.749,3.849908799,134.942,81.907,5.349918233,116.273,100.666,8.032435078,Run038.mca,599.64,9/20/2026 1:04,10.003344,9.84 x 1.0166,14729,14720,1024,,124.9713565,227.7071299,197,0.555761362,0.132714878,0.366163974,-0.013669738,0.000875199,0.013669738,0.000875199,0.385495436,0.156521371,73.15429266,4.683672276,1-sigma propagated from slope standard error,Run038_analysis.png,ok
9/20/2026,1:16:40 AM,,,,39,1:27:51,188.35,135.74,155.18,440,3.43,1.86,0.43,2.1,0.708,11,,12.5,1.956,2,0.023,22,1.19,1724,130,1854,13.26,csd_1789892871,29.0975,49.595,2.13804191,134.184,53.11,2.374089947,257.486,57.463,2.710011759,142.771,63.143,3.167432134,144.722,70.747,3.848599798,138.523,81.961,5.357071993,121.298,100.618,8.028794368,Run039.mca,598.86,9/20/2026 1:16,10.003344,9.84 x 1.0166,14184,14157,1024,,120.7780596,220.3688604,191,0.66502482,0.087521046,0.297400731,-0.01442336,0.0007446,0.01442336,0.0007446,0.454514365,0.128819069,69.33197185,3.579233544,1-sigma propagated from slope standard error,Run039_analysis.png,ok
9/20/2026,1:29:36 AM,,,,40,1:39:41,188.35,135.74,155.18,440,3.43,1.86,0.43,2.1,0.724,11,,12.5,1.985,2,0.014,22,1.22,1766,90,1856,19.62,csd_1789893581,1.21441,49.592,2.151321895,15.223,53.019,2.381327864,86.7032,57.378,2.7149597,97.0098,62.918,3.167016651,121.308,70.611,3.838502351,150.735,81.785,5.349450245,155.05,100.564,8.034743189,Run040.mca,599.04,9/20/2026 1:29,10.003344,9.84 x 1.0166,13398,13377,1024,,125.4955186,225.0863194,191,0.676588841,0.084472416,0.292175125,-0.014545879,0.000731517,0.014545879,0.000731517,0.428252503,0.129959287,68.74799608,3.457357006,1-sigma propagated from slope standard error,Run040_analysis.png,ok
9/20/2026,1:13:49 PM,,total power 2500 W,,41,13:23:52,188.35,135.74,155.18,440,3.43,1.86,0.43,2.1,0.942,10.5,,12.5,1.498,2,0,20,1.31,830,1640,2470,0.51,csd_1789935832,12.8814,49.69,2.150360064,91.5916,53.112,2.380199305,269.72,57.384,2.707966963,219.131,62.997,3.164220229,219.106,70.684,3.843368814,201.414,81.963,5.362824782,100.553,100.574,8.027419907,Run041.mca,599.64,9/20/2026 13:13,10.003344,9.84 x 1.0166,20934,20921,1024,,129.6888154,217.7480498,169,0.714171676,0.040471138,0.202375449,-0.012435616,0.00060878,0.012435616,0.00060878,0.603086325,0.106895923,80.41419419,3.936640887,1-sigma propagated from slope standard error,Run041_analysis.png,ok
9/20/2026,1:26:19 PM,,,,42,13:36:56,188.35,135.74,155.18,440,3.43,1.86,0.43,2.1,0.808,10.5,,12.5,2.27,2,0.008,31,2.41,1072,1456,2528,0.74,csd_1789936616,9.1208,49.597,2.145344851,73.9876,53.024,2.375541253,255.515,57.384,2.70969378,188.719,62.997,3.166404343,208.597,70.684,3.84623363,183.533,81.907,5.360421326,104.904,100.528,8.027705668,Run042.mca,599.22,9/20/2026 13:26,10.003344,9.84 x 1.0166,22381,22352,1024,,122.3505459,239.7628584,225,0.787280234,0.057379161,0.240611247,-0.013535821,0.000471163,0.013535821,0.000471163,0.833359669,0.08680228,73.8780431,2.571592801,1-sigma propagated from slope standard error,Run042_analysis.png,ok
9/20/2026,1:40:58 PM,,,,43,13:51:16,188.35,135.74,155.18,440,3.43,1.86,0.43,2.1,0.748,10.5,,12.5,2.13,2,-0.005,31,2.57,1246,1261,2507,0.99,csd_1789937476,7.35285,49.503,2.14033491,65.1606,53.024,2.376921449,234.421,57.303,2.703093169,174.799,62.997,3.168254498,196.717,70.684,3.848487764,165.884,81.907,5.363575244,104.496,100.482,8.025667877,Run043.mca,599.34,9/20/2026 13:40,10.003344,9.84 x 1.0166,22587,22562,1024,,124.4471944,232.948751,208,0.708916145,0.063389134,0.25299123,-0.01248425,0.000557366,0.01248425,0.000557366,0.670489587,0.101133127,80.10092514,3.576148525,1-sigma propagated from slope standard error,Run043_analysis.png,ok
9/20/2026,1:55:09 PM,,,,44,14:06:16,188.35,135.74,155.18,440,3.43,1.86,0.43,2.1,0.75,10.5,,12.5,1.988,2,-0.004,31,2.94,1661,844,2505,1.97,csd_1789938376,12.3139,49.503,2.140321356,82.1205,53.024,2.376714635,251.204,57.384,2.710792607,162.947,62.924,3.162867212,173.062,70.684,3.847078873,157.772,81.907,5.360928726,114.446,100.528,8.027617947,Run044.mca,598.8,9/20/2026 13:55,10.003344,9.84 x 1.0166,21981,21937,1024,,128.6404912,236.6178858,207,0.721692784,0.06253378,0.251284431,-0.012856744,0.000557622,0.012856744,0.000557622,0.695625598,0.103324939,77.78018845,3.373479787,1-sigma propagated from slope standard error,Run044_analysis.png,ok
9/20/2026,2:08:49 PM,,,,45,14:32:17,188.35,135.74,155.18,440,3.43,1.86,0.43,2.1,0.77,10.5,,12.5,1.854,2,-0.004,28,3.25,2084,421,2505,4.95,csd_1789939937,16.2568,49.502,2.143343574,100.532,53.023,2.379541781,255.532,57.383,2.713315304,161.137,62.996,3.169590435,168.857,70.616,3.836930582,160.504,81.848,5.354243915,117.285,100.572,8.032377984,Run045.mca,599.58,9/20/2026 14:08,10.003344,9.84 x 1.0166,20307,20294,1024,,120.2538975,228.7554541,208,0.718003034,0.062193277,0.250593486,-0.01264385,0.000552084,0.01264385,0.000552084,0.562565031,0.097895494,79.0898358,3.45339409,1-sigma propagated from slope standard error,Run045_analysis.png,ok
9/20/2026,2:34:50 PM,,,,46,14:44:52,188.35,135.74,155.18,440,3.43,1.86,0.43,2.1,0.778,10.5,,12.5,1.93,2,-0.003,28,3.16,2214,280,2494,7.91,csd_1789940692,26.8084,49.503,2.137482075,124.653,53.024,2.373644226,242.894,57.384,2.70739556,134.903,62.997,3.163557783,140.122,70.749,3.853891775,135.446,81.963,5.361723617,110.241,100.574,8.025787038,Run046.mca,599.1,9/20/2026 14:34,10.003344,9.84 x 1.0166,19189,19160,1024,,123.3988701,235.0453995,214,0.768178024,0.05409071,0.233668569,-0.013074676,0.000493298,0.013074676,0.000493298,0.592093481,0.089841304,76.4837287,2.885675449,1-sigma propagated from slope standard error,Run046_analysis.png,ok
9/20/2026,5:07:09 PM,,,,47,17:17:31,188.35,135.74,155.18,440,3.43,1.86,0.43,2.1,0.749,10.5,,12.5,1.975,2,-0.001,23,1.5,2373,120,2493,19.78,csd_1789949851,32.9601,49.503,2.138379595,133.576,53.112,2.380501168,243.225,57.384,2.708082118,132.138,63.071,3.168665459,135.655,70.684,3.842837203,132.845,81.907,5.354647096,107.345,100.62,8.031266956,Run047.mca,599.4,9/20/2026 17:07,10.003344,9.84 x 1.0166,17754,17737,1024,,124.9713565,229.2796163,200,0.775247124,0.060363316,0.24692721,-0.015078371,0.000576972,0.015078371,0.000576972,0.831082761,0.1036772,66.32016056,2.537730629,1-sigma propagated from slope standard error,Run047_analysis.png,ok
9/20/2026,5:19:22 PM,,,,48,17:30:02,188.35,135.74,155.18,440,3.43,1.86,0.43,2.1,0.73,10.5,,12.5,1.919,2,0.003,23,1.85,2329,175,2504,13.31,csd_1789950602,26.9046,49.502,2.14166055,122.051,53.023,2.377577401,238.119,57.383,2.71095334,135.504,62.996,3.166684964,137.494,70.682,3.844713457,135.245,81.905,5.355633199,109.877,100.618,8.030437639,Run048.mca,598.74,9/20/2026 17:19,10.003344,9.84 x 1.0166,18190,18152,1024,,128.6404912,244.4803174,222,0.785884082,0.059903974,0.245862879,-0.013959151,0.000491239,0.013959151,0.000491239,0.693487806,0.093119473,71.63759281,2.521011778,1-sigma propagated from slope standard error,Run048_analysis.png,ok
9/20/2026,5:38:32 PM,,total power 3600 W,,49,17:50:03,188.35,135.74,155.18,440,3.43,1.86,0.43,2.1,0.769,10.5,,12.5,2.093,2,0.011,28,2.47,1796,1773,3569,1.01,csd_1789951803,17.5711,49.595,2.139283146,113.039,53.11,2.375277939,259.83,57.463,2.711123979,172.343,63.069,3.163848911,190.462,70.747,3.849455191,168.06,81.961,5.357587127,103.141,100.618,8.028706853,Run049.mca,599.22,9/20/2026 17:38,10.003344,9.84 x 1.0166,31499,31460,1024,,124.4471944,245.5286416,232,0.84293811,0.038269429,0.196474444,-0.012910096,0.000367454,0.012910096,0.000367454,1.084739231,0.069187654,77.45875688,2.204672934,1-sigma propagated from slope standard error,Run049_analysis.png,ok
9/20/2026,5:56:30 PM,,,,50,18:06:35,188.35,135.74,155.18,440,3.43,1.86,0.43,2.1,0.721,10.5,,12.5,2.112,2,0.001,29,2.31,2398,1218,3616,1.97,csd_1789952795,12.455,49.597,2.146601003,85.2692,53.024,2.376536404,245.405,57.384,2.710310063,162.776,62.997,3.166502798,176.542,70.684,3.845561282,161.64,81.907,5.358032164,106.609,100.574,8.029057289,Run050.mca,598.98,9/20/2026 17:56,10.003344,9.84 x 1.0166,32252,32198,1024,,130.7371397,250.7702627,230,0.797432317,0.05559658,0.236821175,-0.01344272,0.000448702,0.01344272,0.000448702,1.22101334,0.08700435,74.3897089,2.483039337,1-sigma propagated from slope standard error,Run050_analysis.png,ok
9/20/2026,6:09:05 PM,,,,51,18:19:46,188.35,135.74,155.18,440,3.43,1.86,0.43,2.1,0.718,10.5,,12.5,2.1,2,0.001,30,1.56,3012,608,3620,4.95,csd_1789953586,20.1609,49.503,2.139967394,111.816,53.024,2.375850742,251.168,57.384,2.709208063,152.019,63.071,3.169418013,160.577,70.684,3.843043212,156.975,81.963,5.360402534,116.142,100.62,8.028077436,Run051.mca,599.1,9/20/2026 18:08,10.003344,9.84 x 1.0166,30586,30541,1024,,129.6888154,263.3501534,256,0.844339776,0.060388329,0.246705953,-0.014775244,0.00039806,0.014775244,0.00039806,1.396044436,0.07973159,67.68077898,1.823386319,1-sigma propagated from slope standard error,Run051_analysis.png,ok
9/20/2026,6:21:20 PM,,,,52,18:32:31,188.35,135.74,155.18,440,3.43,1.86,0.43,2.1,0.692,10.5,,12.5,2.038,2,-0.001,30,1.35,3194,402,3596,7.95,csd_1789954351,25.3789,49.499,2.135469681,120.678,53.02,2.372055096,251.097,57.38,2.706289344,143.827,63.066,3.167980395,157.269,70.744,3.854417279,149.607,81.9,5.358238786,113.491,100.521,8.0270191,Run052.mca,599.22,9/20/2026 18:21,10.003344,9.84 x 1.0166,29218,29181,1024,,128.6404912,254.9635596,242,0.797512345,0.071281878,0.268096799,-0.014470127,0.000470649,0.014470127,0.000470649,1.276468721,0.091901821,69.10789426,2.247773812,1-sigma propagated from slope standard error,Run052_analysis.png,ok
9/20/2026,6:34:07 PM,,,,53,18:45:11,188.35,135.74,155.18,440,3.43,1.86,0.43,2.1,0.696,10.5,,12.5,2.08,2,0.001,33,1.38,3339,253,3592,13.2,csd_1789955111,25.3104,49.501,2.138806435,120.326,53.022,2.374973786,253.767,57.381,2.708574142,146.366,63.068,3.169463544,153.691,70.68,3.843402572,147.263,81.959,5.362830999,113.969,100.569,8.026754956,Run053.mca,599.22,9/20/2026 18:34,10.003344,9.84 x 1.0166,28844,28806,1024,,121.8263838,253.9152354,253,0.814778873,0.061813489,0.249611752,-0.013621474,0.000409933,0.013621474,0.000409933,1.073209367,0.078596991,73.41349189,2.209349396,1-sigma propagated from slope standard error,Run053_analysis.png,ok
9/20/2026,6:47:40 PM,,,,54,18:57:43,188.35,135.74,155.18,440,3.43,1.86,0.43,2.1,0.68,10.5,,12.5,2.234,2,0.003,33,1.72,3425,171,3596,20.03,csd_1789955863,45.5205,49.502,2.133830011,174.488,53.023,2.370176861,281.902,57.463,2.712230722,146.19,63.069,3.165255917,150.4,70.747,3.851316914,135.701,81.961,5.360449094,97.9565,100.572,8.026570492,Run054.mca,599.04,9/20/2026 18:47,10.003344,9.84 x 1.0166,27640,27595,1024,,125.4955186,245.0044795,229,0.835765777,0.05211992,0.229301387,-0.014862983,0.000437303,0.014862983,0.000437303,1.248189411,0.082415346,67.28124366,1.979568892,1-sigma propagated from slope standard error,Run054_analysis.png,ok
9/20/2026,7:01:42 PM,,total power 5200 W,,55,19:12:11,188.35,135.74,155.18,440,3.43,1.86,0.43,2.1,0.766,10.5,,12.5,1.802,2,0,23,1.66,3468,1708,5176,2.03,csd_1789956731,13.8675,49.502,2.139176465,87.827,53.023,2.375413326,206.499,57.383,2.709241473,135.811,63.069,3.170122376,149.217,70.682,3.844539479,143.626,81.905,5.35750871,123.921,100.572,8.029174637,Run055.mca,599.16,9/20/2026 19:01,10.003344,9.84 x 1.0166,47410,47346,1024,,126.5438428,246.0528038,229,0.888322278,0.026239954,0.162699549,-0.013184911,0.000310286,0.013184911,0.000310286,1.552171233,0.058797125,75.84427436,1.78487525,1-sigma propagated from slope standard error,Run055_analysis.png,ok
9/20/2026,7:16:28 PM,,,,56,20:04:39,188.35,135.74,155.18,440,3.43,1.86,0.43,2.1,0.827,10.5,,12.5,2.031,2,0.001,23,1.75,4351,877,5228,4.96,csd_1789959879,39.5748,49.503,2.140358456,145.626,53.024,2.376536404,242.049,57.384,2.710310063,129.53,62.997,3.166502798,134.593,70.684,3.845561282,121.618,81.907,5.358032164,101.167,100.574,8.029057289,Run056.mca,598.92,9/20/2026 19:16,10.003344,9.84 x 1.0166,45168,45086,1024,,130.7371397,256.0118838,240,0.872390411,0.036728904,0.192451423,-0.013798609,0.000342084,0.013798609,0.000342084,1.622815534,0.067306718,72.47107494,1.796645685,1-sigma propagated from slope standard error,Run056_analysis.png,ok
9/20/2026,8:08:05 PM,,,,57,20:18:09,188.35,135.74,155.18,440,3.43,1.86,0.43,2.1,0.813,10.5,,12.5,1.913,2,-0.004,24,2.06,4621,583,5204,7.93,csd_1789960689,45.9532,49.502,2.140398391,148.72,53.023,2.376582939,228.356,57.383,2.710337162,123.987,62.996,3.166585908,126.998,70.682,3.845383765,120.256,81.905,5.35801796,101.259,100.572,8.029092266,Run057.mca,599.1,9/20/2026 20:08,10.003344,9.84 x 1.0166,42725,42662,1024,,132.8337881,257.5843702,239,0.873608951,0.04103132,0.203414787,-0.014726143,0.000363843,0.014726143,0.000363843,1.714967291,0.072234021,67.90644242,1.677785463,1-sigma propagated from slope standard error,Run057_analysis.png,ok
9/20/2026,8:20:40 PM,,,,58,20:31:10,188.35,135.74,155.18,440,3.43,1.86,0.43,2.1,0.823,10.5,,12.5,2.022,2,-0.006,23,1.88,4846,354,5200,13.69,csd_1789961470,59.3748,49.503,2.137854774,174.638,53.024,2.374353969,253.367,57.384,2.708581625,129.124,63.071,3.169993096,129.018,70.684,3.845377004,118.181,81.907,5.359905137,97.9991,100.528,8.027789168,Run058.mca,599.1,9/20/2026 20:20,10.003344,9.84 x 1.0166,41917,41856,1024,,130.7371397,264.3984776,256,0.858261733,0.049359267,0.223042424,-0.014113639,0.000359878,0.014113639,0.000359878,1.557009123,0.072454084,70.85344731,1.806665753,1-sigma propagated from slope standard error,Run058_analysis.png,ok
9/20/2026,8:35:19 PM,,,,59,20:45:49,188.35,135.74,155.18,440,3.43,1.86,0.43,2.1,0.82,10.5,,12.5,2.03,2,-0.006,23,2,4944,251,5195,19.7,csd_1789962349,56.5039,49.501,2.134779116,176.524,53.109,2.376772392,257.615,57.462,2.712342726,130.088,63.068,3.164777919,135.893,70.746,3.84977472,122.241,81.902,5.349844363,98.9856,100.661,8.03248788,Run059.mca,599.28,9/20/2026 20:35,10.003344,9.84 x 1.0166,41885,41834,1024,,122.3505459,246.5769659,238,0.850671388,0.042769321,0.207681904,-0.013706528,0.00037382,0.013706528,0.00037382,1.467433928,0.070257944,72.95793715,1.989789552,1-sigma propagated from slope standard error,Run059_analysis.png,ok
9/20/2026,8:49:55 PM,,total power 6800 W,,60,21:00:46,188.35,135.74,155.18,440,3.43,1.86,0.43,2.1,0.881,10.5,,12.5,2.097,2,-0.006,23,2.38,4995,1767,6762,2.83,csd_1789963246,28.1433,49.506,2.140323397,128.154,53.027,2.376487922,248.204,57.387,2.710328892,142.885,63.001,3.16642798,149.09,70.687,3.845702042,133.387,81.911,5.358004128,107.24,100.579,8.029049036,Run060.mca,599.1,9/20/2026 20:49,10.003344,9.84 x 1.0166,61769,61677,1024,,129.1646533,263.3501534,257,0.880335483,0.036140848,0.190851526,-0.013259762,0.000306143,0.013259762,0.000306143,1.829296563,0.061250908,75.41613359,1.741216471,1-sigma propagated from slope standard error,Run060_analysis.png,ok
9/20/2026,9:02:44 PM,,,,61,21:12:50,188.35,135.74,155.18,440,3.43,1.86,0.43,2.1,0.932,10.5,,12.5,2.353,2,-0.003,27,2.97,5260,1574,6834,3.34,csd_1789963970,42.4877,49.503,2.136240383,162.42,53.024,2.372455832,273.956,57.384,2.70628249,149.259,63.071,3.167140372,153.699,70.749,3.853037454,136.581,81.963,5.361209594,95.6099,100.574,8.025874259,Run061.mca,599.34,9/20/2026 21:02,10.003344,9.84 x 1.0166,62215,62148,1024,,128.6404912,257.5843702,247,0.890469356,0.031274003,0.177564921,-0.013491648,0.000302301,0.013491648,0.000302301,1.886958097,0.059461421,74.1199282,1.660773017,1-sigma propagated from slope standard error,Run061_analysis.png,ok
9/20/2026,9:15:16 PM,,,,62,21:26:52,188.35,135.74,155.18,440,3.43,1.86,0.43,2.1,0.938,10.5,,12.5,2.114,2,-0.003,24,2.91,5461,1370,6831,3.99,csd_1789964812,42.9071,49.505,2.13795032,154.85,53.026,2.373756212,257.812,57.386,2.707061506,137.334,63.146,3.171556568,139.288,70.751,3.851952083,127.507,81.909,5.350600949,100.944,100.669,8.031072682,Run062.mca,599.28,9/20/2026 21:15,10.003344,9.84 x 1.0166,61337,61263,1024,,124.9713565,266.495126,271,0.90165128,0.033479196,0.183652149,-0.013510802,0.000272063,0.013510802,0.000272063,1.855154206,0.054407871,74.01485275,1.49041699,1-sigma propagated from slope standard error,Run062_analysis.png,ok
9/20/2026,9:28:10 PM,,,,63,21:42:20,188.35,135.74,155.18,440,3.43,1.86,0.43,2.1,0.914,10.5,,12.5,2.014,2,0.002,24,2.85,5674,1150,6824,4.93,csd_1789965740,37.5122,49.503,2.139119776,136.816,53.024,2.375350756,238.078,57.384,2.709199361,133.796,63.071,3.170087542,134.931,70.684,3.844705491,130.269,81.907,5.357515985,107.515,100.574,8.029140865,Run063.mca,598.98,9/20/2026 21:28,10.003344,9.84 x 1.0166,59365,59267,1024,,126.5438428,259.1568565,254,0.898962,0.029784651,0.1732658,-0.013394275,0.000282872,0.013394275,0.000282872,1.795920008,0.055624807,74.65876374,1.576711467,1-sigma propagated from slope standard error,Run063_analysis.png,ok
9/20/2026,9:52:07 PM,,,,64,22:09:28,188.35,135.74,155.18,440,3.43,1.86,0.43,2.1,0.89,10.5,,12.5,1.975,2,0.005,24,2.78,5699,1009,6708,5.65,csd_1789967368,36.7725,49.499,2.142143572,135.625,53.02,2.37840793,230.279,57.38,2.712188609,131.316,63.066,3.173253126,133.364,70.613,3.835931687,127.572,81.844,5.353752991,105.457,100.567,8.032465656,Run064.mca,599.22,9/20/2026 21:52,10.003344,9.84 x 1.0166,57949,57874,1024,,122.874708,258.6326944,260,0.89858689,0.03064236,0.17572677,-0.013244908,0.000277017,0.013244908,0.000277017,1.741780254,0.05395409,75.5007113,1.579094796,1-sigma propagated from slope standard error,Run064_analysis.png,ok
9/20/2026,10:11:30 PM,,,,65,22:22:20,188.35,135.74,155.18,440,3.43,1.86,0.43,2.1,0.876,10.5,,12.5,1.938,2,-0.005,24,2.66,5607,568,6175,9.87,csd_1789968140,34.9799,49.502,2.144581505,117.723,53.023,2.380452142,208.483,57.302,2.705608072,121.547,62.996,3.169405125,126.59,70.682,3.847300797,122.712,81.848,5.351028839,107.081,100.618,8.032205026,Run065.mca,599.1,9/20/2026 22:11,10.003344,9.84 x 1.0166,50854,50781,1024,,124.9713565,248.1494522,236,0.881541435,0.031989837,0.179619749,-0.013663471,0.000327427,0.013663471,0.000327427,1.679633052,0.062193921,73.18784521,1.753851831,1-sigma propagated from slope standard error,Run065_analysis.png,ok
9/20/2026,10:23:39 PM,,,,66,22:39:14,188.35,135.74,155.18,440,3.43,1.86,0.43,2.1,0.884,10.5,,12.5,1.948,2,-0.008,24,3.07,5595,283,5878,19.77,csd_1789969154,51.7,49.503,2.137854774,166.511,53.024,2.374353969,254.311,57.384,2.708581625,132.998,63.071,3.169993096,138.655,70.684,3.845377004,129.943,81.907,5.359905137,95.1504,100.528,8.027789168,Run066.mca,599.1,9/20/2026 22:23,10.003344,9.84 x 1.0166,47273,47203,1024,,122.874708,254.9635596,253,0.868650025,0.045404314,0.213930132,-0.014314094,0.000351334,0.014314094,0.000351334,1.68927394,0.067722606,69.86121729,1.714714683,1-sigma propagated from slope standard error,Run066_analysis.png,ok
